"id_grid";"metro";"ware_count";"ware_average_price";"urban_activity_index";"urban_class";"out_wh";"ex_wh";"out_wh_price";"ex_wh_price"
"1";"belo_horizonte";"0";"0,0000000000000";"0,021301435957653";"suburban";NA;NA;NA;NA
"2";"belo_horizonte";"0";"0,0000000000000";"0,033814909266096";"suburban";NA;NA;NA;NA
"3";"belo_horizonte";"0";"0,0000000000000";"0,065592374126244";"suburban";NA;NA;NA;NA
"4";"belo_horizonte";"0";"0,0000000000000";"0,000078319586600";"suburban";NA;NA;NA;NA
"5";"belo_horizonte";"0";"0,0000000000000";"0,029953848643358";"suburban";NA;NA;NA;NA
"6";"belo_horizonte";"0";"0,0000000000000";"0,039642114841028";"suburban";NA;NA;NA;NA
"7";"belo_horizonte";"0";"0,0000000000000";"0,015912805345983";"suburban";NA;NA;NA;NA
"8";"belo_horizonte";"0";"0,0000000000000";"0,079765605233659";"suburban";NA;NA;NA;NA
"9";"belo_horizonte";"0";"0,0000000000000";"0,054992265367235";"suburban";NA;NA;NA;NA
"10";"belo_horizonte";"0";"0,0000000000000";"0,024425839395344";"suburban";NA;NA;NA;NA
"11";"belo_horizonte";"0";"0,0000000000000";"0,030514214407541";"suburban";NA;NA;NA;NA
"12";"belo_horizonte";"0";"0,0000000000000";"0,030218288000521";"suburban";NA;NA;NA;NA
"13";"belo_horizonte";"0";"0,0000000000000";"0,000000000000000";"suburban";NA;NA;NA;NA
"14";"belo_horizonte";"0";"0,0000000000000";"0,030916978496758";"suburban";NA;NA;NA;NA
"15";"belo_horizonte";"0";"0,0000000000000";"0,067653510514389";"suburban";NA;NA;NA;NA
"16";"belo_horizonte";"0";"0,0000000000000";"0,083784159602246";"suburban";NA;NA;NA;NA
"17";"belo_horizonte";"0";"0,0000000000000";"0,100467778668772";"suburban";NA;NA;NA;NA
"18";"belo_horizonte";"0";"0,0000000000000";"0,085699819977226";"suburban";NA;NA;NA;NA
"19";"belo_horizonte";"0";"0,0000000000000";"0,016218310134605";"suburban";NA;NA;NA;NA
"20";"belo_horizonte";"0";"0,0000000000000";"0,105496378378237";"suburban";NA;NA;NA;NA
"21";"belo_horizonte";"0";"0,0000000000000";"0,017638867647513";"suburban";NA;NA;NA;NA
"22";"belo_horizonte";"0";"0,0000000000000";"0,015138060875203";"suburban";NA;NA;NA;NA
"23";"belo_horizonte";"0";"0,0000000000000";"0,003097544558145";"suburban";NA;NA;NA;NA
"24";"belo_horizonte";"0";"0,0000000000000";"0,029902253976839";"suburban";NA;NA;NA;NA
"25";"belo_horizonte";"0";"0,0000000000000";"0,053488785322647";"suburban";NA;NA;NA;NA
"26";"belo_horizonte";"0";"0,0000000000000";"0,131881133642031";"suburban";NA;NA;NA;NA
"27";"belo_horizonte";"0";"0,0000000000000";"0,054487795803045";"suburban";NA;NA;NA;NA
"28";"belo_horizonte";"0";"0,0000000000000";"0,031516800619947";"suburban";NA;NA;NA;NA
"29";"belo_horizonte";"0";"0,0000000000000";"0,030338296988201";"suburban";NA;NA;NA;NA
"30";"belo_horizonte";"0";"0,0000000000000";"0,037603181554127";"suburban";NA;NA;NA;NA
"31";"belo_horizonte";"0";"0,0000000000000";"0,111450813045228";"suburban";NA;NA;NA;NA
"32";"belo_horizonte";"0";"0,0000000000000";"0,111935868713887";"suburban";NA;NA;NA;NA
"33";"belo_horizonte";"0";"0,0000000000000";"0,098717184048592";"suburban";NA;NA;NA;NA
"34";"belo_horizonte";"0";"0,0000000000000";"0,093930285900380";"suburban";NA;NA;NA;NA
"35";"belo_horizonte";"0";"0,0000000000000";"0,101470797593673";"suburban";NA;NA;NA;NA
"36";"belo_horizonte";"0";"0,0000000000000";"0,097683864969798";"suburban";NA;NA;NA;NA
"37";"belo_horizonte";"0";"0,0000000000000";"0,085785198398968";"suburban";NA;NA;NA;NA
"38";"belo_horizonte";"0";"0,0000000000000";"0,059542763276364";"suburban";NA;NA;NA;NA
"39";"belo_horizonte";"0";"0,0000000000000";"0,087558438724538";"suburban";NA;NA;NA;NA
"40";"belo_horizonte";"0";"0,0000000000000";"0,074138058020742";"suburban";NA;NA;NA;NA
"41";"belo_horizonte";"0";"0,0000000000000";"0,000000000000000";"suburban";NA;NA;NA;NA
"42";"belo_horizonte";"0";"0,0000000000000";"0,063809575366158";"suburban";NA;NA;NA;NA
"43";"belo_horizonte";"0";"0,0000000000000";"0,122614504134103";"suburban";NA;NA;NA;NA
"44";"belo_horizonte";"0";"0,0000000000000";"0,115899005930117";"suburban";NA;NA;NA;NA
"45";"belo_horizonte";"0";"0,0000000000000";"0,123433925294205";"suburban";NA;NA;NA;NA
"46";"belo_horizonte";"0";"0,0000000000000";"0,159026762994274";"suburban";NA;NA;NA;NA
"47";"belo_horizonte";"0";"0,0000000000000";"0,089087334381348";"suburban";NA;NA;NA;NA
"48";"belo_horizonte";"0";"0,0000000000000";"0,063224644187792";"suburban";NA;NA;NA;NA
"49";"belo_horizonte";"0";"0,0000000000000";"0,075431187380926";"suburban";NA;NA;NA;NA
"50";"belo_horizonte";"0";"0,0000000000000";"0,130050078899740";"suburban";NA;NA;NA;NA
"51";"belo_horizonte";"0";"0,0000000000000";"0,084658413376356";"suburban";NA;NA;NA;NA
"52";"belo_horizonte";"0";"0,0000000000000";"0,144359522719552";"suburban";NA;NA;NA;NA
"53";"belo_horizonte";"0";"0,0000000000000";"0,173329554313394";"suburban";NA;NA;NA;NA
"54";"belo_horizonte";"0";"0,0000000000000";"0,172621032578712";"suburban";NA;NA;NA;NA
"55";"belo_horizonte";"0";"0,0000000000000";"0,236491795074834";"suburban";NA;NA;NA;NA
"56";"belo_horizonte";"0";"0,0000000000000";"0,052853757332061";"suburban";NA;NA;NA;NA
"57";"belo_horizonte";"0";"0,0000000000000";"0,037442088863427";"suburban";NA;NA;NA;NA
"58";"belo_horizonte";"0";"0,0000000000000";"0,057648500809667";"suburban";NA;NA;NA;NA
"59";"belo_horizonte";"0";"0,0000000000000";"0,128786976110813";"suburban";NA;NA;NA;NA
"60";"belo_horizonte";"0";"0,0000000000000";"0,085343194675853";"suburban";NA;NA;NA;NA
"61";"belo_horizonte";"0";"0,0000000000000";"0,116460650612451";"suburban";NA;NA;NA;NA
"62";"belo_horizonte";"0";"0,0000000000000";"0,073681768071036";"suburban";NA;NA;NA;NA
"63";"belo_horizonte";"0";"0,0000000000000";"0,243511947506317";"suburban";NA;NA;NA;NA
"64";"belo_horizonte";"0";"0,0000000000000";"0,161194906203298";"suburban";NA;NA;NA;NA
"65";"belo_horizonte";"0";"0,0000000000000";"0,248524902359658";"suburban";NA;NA;NA;NA
"66";"belo_horizonte";"0";"0,0000000000000";"0,453311420850634";"central";NA;NA;NA;NA
"67";"belo_horizonte";"0";"0,0000000000000";"0,070817859912353";"suburban";NA;NA;NA;NA
"68";"belo_horizonte";"0";"0,0000000000000";"0,174458389948923";"suburban";NA;NA;NA;NA
"69";"belo_horizonte";"0";"0,0000000000000";"0,085639879119684";"suburban";NA;NA;NA;NA
"70";"belo_horizonte";"0";"0,0000000000000";"0,179318801378724";"suburban";NA;NA;NA;NA
"71";"belo_horizonte";"0";"0,0000000000000";"0,161304359484031";"suburban";NA;NA;NA;NA
"72";"belo_horizonte";"0";"0,0000000000000";"0,159524914569450";"suburban";NA;NA;NA;NA
"73";"belo_horizonte";"0";"0,0000000000000";"0,130223592938691";"suburban";NA;NA;NA;NA
"74";"belo_horizonte";"0";"0,0000000000000";"0,044404222956167";"suburban";NA;NA;NA;NA
"75";"belo_horizonte";"0";"0,0000000000000";"0,018533251538571";"suburban";NA;NA;NA;NA
"76";"belo_horizonte";"0";"0,0000000000000";"0,000000000000000";"suburban";NA;NA;NA;NA
"77";"belo_horizonte";"0";"0,0000000000000";"0,025490775970895";"suburban";NA;NA;NA;NA
"78";"belo_horizonte";"0";"0,0000000000000";"0,033574384593564";"suburban";NA;NA;NA;NA
"79";"belo_horizonte";"0";"0,0000000000000";"0,076317865259613";"suburban";NA;NA;NA;NA
"80";"belo_horizonte";"0";"0,0000000000000";"0,102436561567205";"suburban";NA;NA;NA;NA
"81";"belo_horizonte";"0";"0,0000000000000";"0,119020011178388";"suburban";NA;NA;NA;NA
"82";"belo_horizonte";"0";"0,0000000000000";"0,083900572516741";"suburban";NA;NA;NA;NA
"83";"belo_horizonte";"0";"0,0000000000000";"0,065240980617546";"suburban";NA;NA;NA;NA
"84";"belo_horizonte";"0";"0,0000000000000";"0,085913135518707";"suburban";NA;NA;NA;NA
"85";"belo_horizonte";"0";"0,0000000000000";"0,213745610351122";"suburban";NA;NA;NA;NA
"86";"belo_horizonte";"0";"0,0000000000000";"0,311663830433846";"suburban";NA;NA;NA;NA
"87";"belo_horizonte";"0";"0,0000000000000";"0,060270031707192";"suburban";NA;NA;NA;NA
"88";"belo_horizonte";"0";"0,0000000000000";"0,139406932654398";"suburban";NA;NA;NA;NA
"89";"belo_horizonte";"0";"0,0000000000000";"0,081975648147519";"suburban";NA;NA;NA;NA
"90";"belo_horizonte";"0";"0,0000000000000";"0,119030087167519";"suburban";NA;NA;NA;NA
"91";"belo_horizonte";"0";"0,0000000000000";"0,163391963835564";"suburban";NA;NA;NA;NA
"92";"belo_horizonte";"0";"0,0000000000000";"0,051174935236841";"suburban";NA;NA;NA;NA
"93";"belo_horizonte";"0";"0,0000000000000";"0,093900659448473";"suburban";NA;NA;NA;NA
"94";"belo_horizonte";"0";"0,0000000000000";"0,011926548938148";"suburban";NA;NA;NA;NA
"95";"belo_horizonte";"0";"0,0000000000000";"0,000000000000000";"suburban";NA;NA;NA;NA
"96";"belo_horizonte";"0";"0,0000000000000";"0,027344844281755";"suburban";NA;NA;NA;NA
"97";"belo_horizonte";"0";"0,0000000000000";"0,088061831489785";"suburban";NA;NA;NA;NA
"98";"belo_horizonte";"0";"0,0000000000000";"0,074669442172110";"suburban";NA;NA;NA;NA
"99";"belo_horizonte";"0";"0,0000000000000";"0,087998680429842";"suburban";NA;NA;NA;NA
"100";"belo_horizonte";"0";"0,0000000000000";"0,146675290867768";"suburban";NA;NA;NA;NA
"101";"belo_horizonte";"0";"0,0000000000000";"0,080597228082947";"suburban";NA;NA;NA;NA
"102";"belo_horizonte";"0";"0,0000000000000";"0,069916569302198";"suburban";NA;NA;NA;NA
"103";"belo_horizonte";"0";"0,0000000000000";"0,119648059808762";"suburban";NA;NA;NA;NA
"104";"belo_horizonte";"0";"0,0000000000000";"0,401702934311196";"suburban";NA;NA;NA;NA
"105";"belo_horizonte";"0";"0,0000000000000";"0,038161633507984";"suburban";NA;NA;NA;NA
"106";"belo_horizonte";"0";"0,0000000000000";"0,215091017934084";"suburban";NA;NA;NA;NA
"107";"belo_horizonte";"0";"0,0000000000000";"0,175116610595559";"suburban";NA;NA;NA;NA
"108";"belo_horizonte";"0";"0,0000000000000";"0,114051168518683";"suburban";NA;NA;NA;NA
"109";"belo_horizonte";"0";"0,0000000000000";"0,124063702865075";"suburban";NA;NA;NA;NA
"110";"belo_horizonte";"0";"0,0000000000000";"0,054743283303640";"suburban";NA;NA;NA;NA
"111";"belo_horizonte";"0";"0,0000000000000";"0,093047183220884";"suburban";NA;NA;NA;NA
"112";"belo_horizonte";"0";"0,0000000000000";"0,070204715343862";"suburban";NA;NA;NA;NA
"113";"belo_horizonte";"0";"0,0000000000000";"0,068690215561772";"suburban";NA;NA;NA;NA
"114";"belo_horizonte";"0";"0,0000000000000";"0,062913938936143";"suburban";NA;NA;NA;NA
"115";"belo_horizonte";"0";"0,0000000000000";"0,076389469582894";"suburban";NA;NA;NA;NA
"116";"belo_horizonte";"0";"0,0000000000000";"0,093321655908291";"suburban";NA;NA;NA;NA
"117";"belo_horizonte";"2";"12,2500000000000";"0,205093684405361";"suburban";NA;NA;NA;NA
"118";"belo_horizonte";"0";"0,0000000000000";"0,269621214535113";"suburban";NA;NA;NA;NA
"119";"belo_horizonte";"0";"0,0000000000000";"0,075207533214855";"suburban";NA;NA;NA;NA
"120";"belo_horizonte";"0";"0,0000000000000";"0,123523984685603";"suburban";NA;NA;NA;NA
"121";"belo_horizonte";"0";"0,0000000000000";"0,184898528277751";"suburban";NA;NA;NA;NA
"122";"belo_horizonte";"0";"0,0000000000000";"0,329985374280357";"suburban";NA;NA;NA;NA
"123";"belo_horizonte";"4";"24,8690059500000";"0,308960872248364";"suburban";NA;NA;NA;NA
"124";"belo_horizonte";"0";"0,0000000000000";"0,391498014952283";"suburban";NA;NA;NA;NA
"125";"belo_horizonte";"0";"0,0000000000000";"0,093147636841709";"suburban";NA;NA;NA;NA
"126";"belo_horizonte";"0";"0,0000000000000";"0,052112755513080";"suburban";NA;NA;NA;NA
"127";"belo_horizonte";"0";"0,0000000000000";"0,089050651064395";"suburban";NA;NA;NA;NA
"128";"belo_horizonte";"0";"0,0000000000000";"0,127567004027425";"suburban";NA;NA;NA;NA
"129";"belo_horizonte";"0";"0,0000000000000";"0,034640993037227";"suburban";NA;NA;NA;NA
"130";"belo_horizonte";"0";"0,0000000000000";"0,013066541725896";"suburban";NA;NA;NA;NA
"131";"belo_horizonte";"0";"0,0000000000000";"0,058676951492608";"suburban";NA;NA;NA;NA
"132";"belo_horizonte";"0";"0,0000000000000";"0,055306112765743";"suburban";NA;NA;NA;NA
"133";"belo_horizonte";"0";"0,0000000000000";"0,051353922871701";"suburban";NA;NA;NA;NA
"134";"belo_horizonte";"0";"0,0000000000000";"0,068195782206096";"suburban";NA;NA;NA;NA
"135";"belo_horizonte";"0";"0,0000000000000";"0,118441025940913";"suburban";NA;NA;NA;NA
"136";"belo_horizonte";"1";"19,0000000000000";"0,060101997082399";"suburban";NA;NA;NA;NA
"137";"belo_horizonte";"0";"0,0000000000000";"0,091684997779121";"suburban";NA;NA;NA;NA
"138";"belo_horizonte";"0";"0,0000000000000";"0,221716557251863";"suburban";NA;NA;NA;NA
"139";"belo_horizonte";"0";"0,0000000000000";"0,221024309244416";"suburban";NA;NA;NA;NA
"140";"belo_horizonte";"0";"0,0000000000000";"0,169884213871091";"suburban";NA;NA;NA;NA
"141";"belo_horizonte";"3";"25,8755375900000";"0,361648253489072";"suburban";NA;NA;NA;NA
"142";"belo_horizonte";"0";"0,0000000000000";"0,155555003654501";"suburban";NA;NA;NA;NA
"143";"belo_horizonte";"0";"0,0000000000000";"0,114898122209353";"suburban";NA;NA;NA;NA
"144";"belo_horizonte";"0";"0,0000000000000";"0,054172091351212";"suburban";NA;NA;NA;NA
"145";"belo_horizonte";"0";"0,0000000000000";"0,044972922163063";"suburban";NA;NA;NA;NA
"146";"belo_horizonte";"0";"0,0000000000000";"0,032182165997052";"suburban";NA;NA;NA;NA
"147";"belo_horizonte";"0";"0,0000000000000";"0,019103720965378";"suburban";NA;NA;NA;NA
"148";"belo_horizonte";"0";"0,0000000000000";"0,051186964977306";"suburban";NA;NA;NA;NA
"149";"belo_horizonte";"0";"0,0000000000000";"0,142686566908061";"suburban";NA;NA;NA;NA
"150";"belo_horizonte";"0";"0,0000000000000";"0,109738629261057";"suburban";NA;NA;NA;NA
"151";"belo_horizonte";"0";"0,0000000000000";"0,144118864172988";"suburban";NA;NA;NA;NA
"152";"belo_horizonte";"0";"0,0000000000000";"0,087658249637474";"suburban";NA;NA;NA;NA
"153";"belo_horizonte";"0";"0,0000000000000";"0,078314429762723";"suburban";NA;NA;NA;NA
"154";"belo_horizonte";"0";"0,0000000000000";"0,100103360099378";"suburban";NA;NA;NA;NA
"155";"belo_horizonte";"0";"0,0000000000000";"0,098490741813624";"suburban";NA;NA;NA;NA
"156";"belo_horizonte";"2";"58,8095237950000";"0,359573681368759";"suburban";NA;NA;NA;NA
"157";"belo_horizonte";"8";"29,7038461562500";"0,276910491985804";"suburban";NA;NA;NA;NA
"158";"belo_horizonte";"0";"0,0000000000000";"0,312914754582396";"suburban";NA;NA;NA;NA
"159";"belo_horizonte";"0";"0,0000000000000";"0,194899438055470";"suburban";NA;NA;NA;NA
"160";"belo_horizonte";"0";"0,0000000000000";"0,248119510409066";"suburban";NA;NA;NA;NA
"161";"belo_horizonte";"2";"20,2666666650000";"0,178147508342638";"suburban";NA;NA;NA;NA
"162";"belo_horizonte";"0";"0,0000000000000";"0,126301463806431";"suburban";NA;NA;NA;NA
"163";"belo_horizonte";"0";"0,0000000000000";"0,020583898220018";"suburban";NA;NA;NA;NA
"164";"belo_horizonte";"0";"0,0000000000000";"0,018887428786482";"suburban";NA;NA;NA;NA
"165";"belo_horizonte";"0";"0,0000000000000";"0,108853481939903";"suburban";NA;NA;NA;NA
"166";"belo_horizonte";"0";"0,0000000000000";"0,098353607762718";"suburban";NA;NA;NA;NA
"167";"belo_horizonte";"0";"0,0000000000000";"0,100760955830632";"suburban";NA;NA;NA;NA
"168";"belo_horizonte";"1";"20,9000000000000";"0,277536786293771";"suburban";NA;NA;NA;NA
"169";"belo_horizonte";"0";"0,0000000000000";"0,176519246525624";"suburban";NA;NA;NA;NA
"170";"belo_horizonte";"0";"0,0000000000000";"0,169543677769491";"suburban";NA;NA;NA;NA
"171";"belo_horizonte";"0";"0,0000000000000";"0,228942450972566";"suburban";NA;NA;NA;NA
"172";"belo_horizonte";"0";"0,0000000000000";"0,156713264628787";"suburban";NA;NA;NA;NA
"173";"belo_horizonte";"2";"27,1428571450000";"0,361889791292602";"suburban";NA;NA;NA;NA
"174";"belo_horizonte";"39";"32,8990498493590";"0,755414095856512";"central";TRUE;FALSE;NA;NA
"175";"belo_horizonte";"13";"18,9712627369231";"0,139109865574191";"suburban";NA;NA;NA;NA
"176";"belo_horizonte";"0";"0,0000000000000";"0,228672186225758";"suburban";NA;NA;NA;NA
"177";"belo_horizonte";"0";"0,0000000000000";"0,085552144945699";"suburban";NA;NA;NA;NA
"178";"belo_horizonte";"1";"62,7000000000000";"0,273097658607474";"suburban";NA;NA;TRUE;FALSE
"179";"belo_horizonte";"0";"0,0000000000000";"0,115557237305992";"suburban";NA;NA;NA;NA
"180";"belo_horizonte";"0";"0,0000000000000";"0,049126267389301";"suburban";NA;NA;NA;NA
"181";"belo_horizonte";"0";"0,0000000000000";"0,194977024615595";"suburban";NA;NA;NA;NA
"182";"belo_horizonte";"0";"0,0000000000000";"0,123737999076772";"suburban";NA;NA;NA;NA
"183";"belo_horizonte";"0";"0,0000000000000";"0,062217837594893";"suburban";NA;NA;NA;NA
"184";"belo_horizonte";"0";"0,0000000000000";"0,061901945491246";"suburban";NA;NA;NA;NA
"185";"belo_horizonte";"1";"23,5434782600000";"0,165373413098541";"suburban";NA;NA;NA;NA
"186";"belo_horizonte";"3";"18,5440000000000";"0,492223956530475";"central";NA;NA;NA;NA
"187";"belo_horizonte";"0";"0,0000000000000";"0,247935030148119";"suburban";NA;NA;NA;NA
"188";"belo_horizonte";"0";"0,0000000000000";"0,249708053427505";"suburban";NA;NA;NA;NA
"189";"belo_horizonte";"0";"0,0000000000000";"0,232488569788389";"suburban";NA;NA;NA;NA
"190";"belo_horizonte";"39";"39,3362303571795";"0,840592164063072";"central";TRUE;FALSE;NA;NA
"191";"belo_horizonte";"3";"27,0333333333333";"0,252750166055487";"suburban";NA;NA;NA;NA
"192";"belo_horizonte";"0";"0,0000000000000";"0,349391546088314";"suburban";NA;NA;NA;NA
"193";"belo_horizonte";"0";"0,0000000000000";"0,118553735532806";"suburban";NA;NA;NA;NA
"194";"belo_horizonte";"0";"0,0000000000000";"0,179524280391722";"suburban";NA;NA;NA;NA
"195";"belo_horizonte";"0";"0,0000000000000";"0,139565089979399";"suburban";NA;NA;NA;NA
"196";"belo_horizonte";"0";"0,0000000000000";"0,106125096047097";"suburban";NA;NA;NA;NA
"197";"belo_horizonte";"0";"0,0000000000000";"0,025912089411165";"suburban";NA;NA;NA;NA
"198";"belo_horizonte";"0";"0,0000000000000";"0,000000000000000";"suburban";NA;NA;NA;NA
"199";"belo_horizonte";"0";"0,0000000000000";"0,008132038789846";"suburban";NA;NA;NA;NA
"200";"belo_horizonte";"0";"0,0000000000000";"0,086322700616261";"suburban";NA;NA;NA;NA
"201";"belo_horizonte";"2";"28,8800000000000";"0,301977797229214";"suburban";NA;NA;NA;NA
"202";"belo_horizonte";"0";"0,0000000000000";"0,048772160813123";"suburban";NA;NA;NA;NA
"203";"belo_horizonte";"0";"0,0000000000000";"0,124684946852993";"suburban";NA;NA;NA;NA
"204";"belo_horizonte";"0";"0,0000000000000";"0,029787576335891";"suburban";NA;NA;NA;NA
"205";"belo_horizonte";"0";"0,0000000000000";"0,175342634765077";"suburban";NA;NA;NA;NA
"206";"belo_horizonte";"5";"20,9852974560000";"0,349884731975068";"suburban";NA;NA;NA;NA
"207";"belo_horizonte";"9";"28,9851538277778";"0,222981640446108";"suburban";NA;NA;NA;NA
"208";"belo_horizonte";"1";"10,6875000000000";"0,213250202064766";"suburban";NA;NA;NA;NA
"209";"belo_horizonte";"2";"23,6333333350000";"0,698861639748107";"central";NA;NA;NA;NA
"210";"belo_horizonte";"65";"29,9137499138615";"0,422163414256096";"suburban";TRUE;TRUE;NA;NA
"211";"belo_horizonte";"11";"21,4055662099091";"0,327948750327594";"suburban";NA;NA;NA;NA
"212";"belo_horizonte";"0";"0,0000000000000";"0,099856670790109";"suburban";NA;NA;NA;NA
"213";"belo_horizonte";"0";"0,0000000000000";"0,105657322747415";"suburban";NA;NA;NA;NA
"214";"belo_horizonte";"0";"0,0000000000000";"0,104169609163511";"suburban";NA;NA;NA;NA
"215";"belo_horizonte";"0";"0,0000000000000";"0,079255195823976";"suburban";NA;NA;NA;NA
"216";"belo_horizonte";"0";"0,0000000000000";"0,082315296276902";"suburban";NA;NA;NA;NA
"217";"belo_horizonte";"0";"0,0000000000000";"0,080167592932185";"suburban";NA;NA;NA;NA
"218";"belo_horizonte";"0";"0,0000000000000";"0,030821499212381";"suburban";NA;NA;NA;NA
"219";"belo_horizonte";"0";"0,0000000000000";"0,048901090637803";"suburban";NA;NA;NA;NA
"220";"belo_horizonte";"0";"0,0000000000000";"0,043016126526796";"suburban";NA;NA;NA;NA
"221";"belo_horizonte";"0";"0,0000000000000";"0,103436962889727";"suburban";NA;NA;NA;NA
"222";"belo_horizonte";"3";"33,0892307700000";"0,365602908453197";"suburban";NA;NA;NA;NA
"223";"belo_horizonte";"0";"0,0000000000000";"0,264946229531500";"suburban";NA;NA;NA;NA
"224";"belo_horizonte";"0";"0,0000000000000";"0,115062599236362";"suburban";NA;NA;NA;NA
"225";"belo_horizonte";"0";"0,0000000000000";"0,070934243570650";"suburban";NA;NA;NA;NA
"226";"belo_horizonte";"1";"41,4545454500000";"0,257215218602751";"suburban";NA;NA;NA;NA
"227";"belo_horizonte";"0";"0,0000000000000";"0,107284411337735";"suburban";NA;NA;NA;NA
"228";"belo_horizonte";"0";"0,0000000000000";"0,269425001178793";"suburban";NA;NA;NA;NA
"229";"belo_horizonte";"6";"29,8151796066667";"0,520555099459409";"central";NA;NA;NA;NA
"230";"belo_horizonte";"19";"26,2101560100000";"0,837072384717578";"central";NA;NA;NA;NA
"231";"belo_horizonte";"15";"29,7583319272667";"0,824254938957963";"central";NA;NA;NA;NA
"232";"belo_horizonte";"2";"54,3116883100000";"0,431282053446927";"suburban";NA;NA;NA;NA
"233";"belo_horizonte";"0";"0,0000000000000";"0,171563473766646";"suburban";NA;NA;NA;NA
"234";"belo_horizonte";"0";"0,0000000000000";"0,203061070019706";"suburban";NA;NA;NA;NA
"235";"belo_horizonte";"0";"0,0000000000000";"0,104450392621545";"suburban";NA;NA;NA;NA
"236";"belo_horizonte";"0";"0,0000000000000";"0,067006979903048";"suburban";NA;NA;NA;NA
"237";"belo_horizonte";"0";"0,0000000000000";"0,058645091524870";"suburban";NA;NA;NA;NA
"238";"belo_horizonte";"0";"0,0000000000000";"0,042315331179072";"suburban";NA;NA;NA;NA
"239";"belo_horizonte";"0";"0,0000000000000";"0,023810506175631";"suburban";NA;NA;NA;NA
"240";"belo_horizonte";"0";"0,0000000000000";"0,006553914418346";"suburban";NA;NA;NA;NA
"241";"belo_horizonte";"0";"0,0000000000000";"0,000000000000000";"suburban";NA;NA;NA;NA
"242";"belo_horizonte";"0";"0,0000000000000";"0,089453879664603";"suburban";NA;NA;NA;NA
"243";"belo_horizonte";"0";"0,0000000000000";"0,037384880689980";"suburban";NA;NA;NA;NA
"244";"belo_horizonte";"1";"3,7279267500000";"0,099591911111963";"suburban";NA;NA;NA;NA
"245";"belo_horizonte";"0";"0,0000000000000";"0,130661750861685";"suburban";NA;NA;NA;NA
"246";"belo_horizonte";"0";"0,0000000000000";"0,160282289742950";"suburban";NA;NA;NA;NA
"247";"belo_horizonte";"0";"0,0000000000000";"0,118227185939913";"suburban";NA;NA;NA;NA
"248";"belo_horizonte";"0";"0,0000000000000";"0,099534861230121";"suburban";NA;NA;NA;NA
"249";"belo_horizonte";"1";"3,0554811040000";"0,081540330193844";"suburban";NA;NA;NA;NA
"250";"belo_horizonte";"3";"163,5520000000000";"0,519022895606198";"central";NA;NA;TRUE;TRUE
"251";"belo_horizonte";"3";"37,0574026000000";"0,718307315980914";"central";NA;NA;NA;NA
"252";"belo_horizonte";"24";"30,4321329562500";"0,868985674168446";"central";NA;NA;NA;NA
"253";"belo_horizonte";"36";"32,3371152512500";"0,977003525464491";"central";TRUE;FALSE;NA;NA
"254";"belo_horizonte";"53";"39,5420614398113";"0,988410679061190";"central";TRUE;TRUE;NA;NA
"255";"belo_horizonte";"11";"23,5656650818182";"0,584468636156138";"central";NA;NA;NA;NA
"256";"belo_horizonte";"3";"28,2888888900000";"0,142059188170262";"suburban";NA;NA;NA;NA
"257";"belo_horizonte";"0";"0,0000000000000";"0,109093222742746";"suburban";NA;NA;NA;NA
"258";"belo_horizonte";"0";"0,0000000000000";"0,076970835629728";"suburban";NA;NA;NA;NA
"259";"belo_horizonte";"0";"0,0000000000000";"0,178095357658907";"suburban";NA;NA;NA;NA
"260";"belo_horizonte";"0";"0,0000000000000";"0,092195301362800";"suburban";NA;NA;NA;NA
"261";"belo_horizonte";"0";"0,0000000000000";"0,000000000000000";"suburban";NA;NA;NA;NA
"262";"belo_horizonte";"0";"0,0000000000000";"0,058541365152181";"suburban";NA;NA;NA;NA
"263";"belo_horizonte";"0";"0,0000000000000";"0,078647355517209";"suburban";NA;NA;NA;NA
"264";"belo_horizonte";"0";"0,0000000000000";"0,060483975561110";"suburban";NA;NA;NA;NA
"265";"belo_horizonte";"0";"0,0000000000000";"0,061587146448920";"suburban";NA;NA;NA;NA
"266";"belo_horizonte";"0";"0,0000000000000";"0,088180001978795";"suburban";NA;NA;NA;NA
"267";"belo_horizonte";"0";"0,0000000000000";"0,041136485680392";"suburban";NA;NA;NA;NA
"268";"belo_horizonte";"0";"0,0000000000000";"0,085953240056394";"suburban";NA;NA;NA;NA
"269";"belo_horizonte";"0";"0,0000000000000";"0,077929757710539";"suburban";NA;NA;NA;NA
"270";"belo_horizonte";"2";"35,9312101900000";"0,280044797139594";"suburban";NA;NA;NA;NA
"271";"belo_horizonte";"0";"0,0000000000000";"0,143614027776061";"suburban";NA;NA;NA;NA
"272";"belo_horizonte";"4";"23,9350000000000";"0,341747376572365";"suburban";NA;NA;NA;NA
"273";"belo_horizonte";"1";"248,7272727000000";"0,439835591112870";"suburban";NA;NA;TRUE;TRUE
"274";"belo_horizonte";"38";"32,1853611565789";"0,872276516778421";"central";TRUE;FALSE;NA;NA
"275";"belo_horizonte";"34";"39,7169978332353";"0,931006599625564";"central";TRUE;FALSE;NA;NA
"276";"belo_horizonte";"151";"30,9334654360265";"0,966837771023823";"central";TRUE;TRUE;NA;NA
"277";"belo_horizonte";"80";"40,3752492472000";"1,149015064385630";"central";TRUE;TRUE;NA;NA
"278";"belo_horizonte";"50";"38,7051610701200";"0,598357763540755";"central";TRUE;TRUE;NA;NA
"279";"belo_horizonte";"0";"0,0000000000000";"0,150297305941975";"suburban";NA;NA;NA;NA
"280";"belo_horizonte";"11";"41,6428682463636";"0,346693144488176";"suburban";NA;NA;NA;NA
"281";"belo_horizonte";"0";"0,0000000000000";"0,194219464354924";"suburban";NA;NA;NA;NA
"282";"belo_horizonte";"0";"0,0000000000000";"0,245208750642387";"suburban";NA;NA;NA;NA
"283";"belo_horizonte";"0";"0,0000000000000";"0,213858664943885";"suburban";NA;NA;NA;NA
"284";"belo_horizonte";"0";"0,0000000000000";"0,027101745198529";"suburban";NA;NA;NA;NA
"285";"belo_horizonte";"0";"0,0000000000000";"0,069274093739368";"suburban";NA;NA;NA;NA
"286";"belo_horizonte";"0";"0,0000000000000";"0,138288750351152";"suburban";NA;NA;NA;NA
"287";"belo_horizonte";"0";"0,0000000000000";"0,182469169629051";"suburban";NA;NA;NA;NA
"288";"belo_horizonte";"0";"0,0000000000000";"0,064717274631872";"suburban";NA;NA;NA;NA
"289";"belo_horizonte";"0";"0,0000000000000";"0,090177554647760";"suburban";NA;NA;NA;NA
"290";"belo_horizonte";"0";"0,0000000000000";"0,072956868211183";"suburban";NA;NA;NA;NA
"291";"belo_horizonte";"0";"0,0000000000000";"0,081397749678549";"suburban";NA;NA;NA;NA
"292";"belo_horizonte";"0";"0,0000000000000";"0,151362749423548";"suburban";NA;NA;NA;NA
"293";"belo_horizonte";"0";"0,0000000000000";"0,137516948209710";"suburban";NA;NA;NA;NA
"294";"belo_horizonte";"1";"48,8571428600000";"0,292552254914581";"suburban";NA;NA;NA;NA
"295";"belo_horizonte";"10";"30,3285296433000";"0,336838775125700";"suburban";NA;NA;NA;NA
"296";"belo_horizonte";"4";"45,0277006100000";"0,317744659337880";"suburban";NA;NA;NA;NA
"297";"belo_horizonte";"9";"30,7132507665556";"0,722088438173319";"central";NA;NA;NA;NA
"298";"belo_horizonte";"20";"30,2455658800000";"0,759115802457826";"central";NA;NA;NA;NA
"299";"belo_horizonte";"59";"35,4445449022034";"1,089256021439665";"central";TRUE;TRUE;NA;NA
"300";"belo_horizonte";"86";"40,7486421587209";"2,000000000000000";"central";TRUE;TRUE;NA;NA
"301";"belo_horizonte";"3";"77,2121046900000";"0,798419248232576";"central";NA;NA;TRUE;FALSE
"302";"belo_horizonte";"0";"0,0000000000000";"0,188685978618341";"suburban";NA;NA;NA;NA
"303";"belo_horizonte";"0";"0,0000000000000";"0,211141064813014";"suburban";NA;NA;NA;NA
"304";"belo_horizonte";"0";"0,0000000000000";"0,192625740648397";"suburban";NA;NA;NA;NA
"305";"belo_horizonte";"0";"0,0000000000000";"0,123706245963357";"suburban";NA;NA;NA;NA
"306";"belo_horizonte";"0";"0,0000000000000";"0,178285295549488";"suburban";NA;NA;NA;NA
"307";"belo_horizonte";"0";"0,0000000000000";"0,004179326561648";"suburban";NA;NA;NA;NA
"308";"belo_horizonte";"0";"0,0000000000000";"0,051315716621363";"suburban";NA;NA;NA;NA
"309";"belo_horizonte";"0";"0,0000000000000";"0,127694470779024";"suburban";NA;NA;NA;NA
"310";"belo_horizonte";"0";"0,0000000000000";"0,099900514512751";"suburban";NA;NA;NA;NA
"311";"belo_horizonte";"0";"0,0000000000000";"0,121153633149174";"suburban";NA;NA;NA;NA
"312";"belo_horizonte";"0";"0,0000000000000";"0,037629444311967";"suburban";NA;NA;NA;NA
"313";"belo_horizonte";"0";"0,0000000000000";"0,102571470366484";"suburban";NA;NA;NA;NA
"314";"belo_horizonte";"0";"0,0000000000000";"0,153482048387044";"suburban";NA;NA;NA;NA
"315";"belo_horizonte";"0";"0,0000000000000";"0,142763077997445";"suburban";NA;NA;NA;NA
"316";"belo_horizonte";"0";"0,0000000000000";"0,198913341234598";"suburban";NA;NA;NA;NA
"317";"belo_horizonte";"11";"40,2420220172727";"0,427003162640552";"suburban";NA;NA;NA;NA
"318";"belo_horizonte";"6";"38,3690237966667";"0,363443535590196";"suburban";NA;NA;NA;NA
"319";"belo_horizonte";"0";"0,0000000000000";"0,099361124868519";"suburban";NA;NA;NA;NA
"320";"belo_horizonte";"6";"33,2975774266667";"0,282946312048696";"suburban";NA;NA;NA;NA
"321";"belo_horizonte";"1";"19,6551724100000";"0,370623384607008";"suburban";NA;NA;NA;NA
"322";"belo_horizonte";"11";"20,4794250472727";"0,626318154828809";"central";NA;NA;NA;NA
"323";"belo_horizonte";"17";"35,0511376052941";"0,562964551136627";"central";NA;NA;NA;NA
"324";"belo_horizonte";"0";"0,0000000000000";"0,342472067665169";"suburban";NA;NA;NA;NA
"325";"belo_horizonte";"4";"41,2188235300000";"0,249232583117030";"suburban";NA;NA;NA;NA
"326";"belo_horizonte";"0";"0,0000000000000";"0,150214944295416";"suburban";NA;NA;NA;NA
"327";"belo_horizonte";"0";"0,0000000000000";"0,093050024636853";"suburban";NA;NA;NA;NA
"328";"belo_horizonte";"0";"0,0000000000000";"0,102555819520327";"suburban";NA;NA;NA;NA
"329";"belo_horizonte";"0";"0,0000000000000";"0,073765713269195";"suburban";NA;NA;NA;NA
"330";"belo_horizonte";"0";"0,0000000000000";"0,042080628904066";"suburban";NA;NA;NA;NA
"331";"belo_horizonte";"0";"0,0000000000000";"0,030171674069916";"suburban";NA;NA;NA;NA
"332";"belo_horizonte";"0";"0,0000000000000";"0,000000000000000";"suburban";NA;NA;NA;NA
"333";"belo_horizonte";"0";"0,0000000000000";"0,024167915682602";"suburban";NA;NA;NA;NA
"334";"belo_horizonte";"0";"0,0000000000000";"0,057165531568361";"suburban";NA;NA;NA;NA
"335";"belo_horizonte";"0";"0,0000000000000";"0,054819270421630";"suburban";NA;NA;NA;NA
"336";"belo_horizonte";"0";"0,0000000000000";"0,096382349030954";"suburban";NA;NA;NA;NA
"337";"belo_horizonte";"0";"0,0000000000000";"0,048106200484649";"suburban";NA;NA;NA;NA
"338";"belo_horizonte";"0";"0,0000000000000";"0,207604735464301";"suburban";NA;NA;NA;NA
"339";"belo_horizonte";"0";"0,0000000000000";"0,122871569410594";"suburban";NA;NA;NA;NA
"340";"belo_horizonte";"0";"0,0000000000000";"0,079640701915301";"suburban";NA;NA;NA;NA
"341";"belo_horizonte";"0";"0,0000000000000";"0,104576381252393";"suburban";NA;NA;NA;NA
"342";"belo_horizonte";"0";"0,0000000000000";"0,136045027134887";"suburban";NA;NA;NA;NA
"343";"belo_horizonte";"0";"0,0000000000000";"0,192285272691343";"suburban";NA;NA;NA;NA
"344";"belo_horizonte";"0";"0,0000000000000";"0,127614126647657";"suburban";NA;NA;NA;NA
"345";"belo_horizonte";"0";"0,0000000000000";"0,143187472872292";"suburban";NA;NA;NA;NA
"346";"belo_horizonte";"4";"32,5109052250000";"0,284994992770689";"suburban";NA;NA;NA;NA
"347";"belo_horizonte";"9";"30,9034594455556";"0,150502855723044";"suburban";NA;NA;NA;NA
"348";"belo_horizonte";"2";"35,0550000000000";"0,351753962380825";"suburban";NA;NA;NA;NA
"349";"belo_horizonte";"0";"0,0000000000000";"0,163867406542060";"suburban";NA;NA;NA;NA
"350";"belo_horizonte";"2";"21,6600000000000";"0,196569853792154";"suburban";NA;NA;NA;NA
"351";"belo_horizonte";"3";"19,2820120633333";"0,339629126836747";"suburban";NA;NA;NA;NA
"352";"belo_horizonte";"0";"0,0000000000000";"0,107223351409056";"suburban";NA;NA;NA;NA
"353";"belo_horizonte";"0";"0,0000000000000";"0,071654819208078";"suburban";NA;NA;NA;NA
"354";"belo_horizonte";"0";"0,0000000000000";"0,035419732788222";"suburban";NA;NA;NA;NA
"355";"belo_horizonte";"0";"0,0000000000000";"0,065699827667536";"suburban";NA;NA;NA;NA
"356";"belo_horizonte";"0";"0,0000000000000";"0,000000000000000";"suburban";NA;NA;NA;NA
"357";"belo_horizonte";"0";"0,0000000000000";"0,032476397746021";"suburban";NA;NA;NA;NA
"358";"belo_horizonte";"0";"0,0000000000000";"0,089513082271763";"suburban";NA;NA;NA;NA
"359";"belo_horizonte";"0";"0,0000000000000";"0,099695832876513";"suburban";NA;NA;NA;NA
"360";"belo_horizonte";"0";"0,0000000000000";"0,086609859043395";"suburban";NA;NA;NA;NA
"361";"belo_horizonte";"0";"0,0000000000000";"0,045328361271001";"suburban";NA;NA;NA;NA
"362";"belo_horizonte";"0";"0,0000000000000";"0,112689776195253";"suburban";NA;NA;NA;NA
"363";"belo_horizonte";"0";"0,0000000000000";"0,118988562084601";"suburban";NA;NA;NA;NA
"364";"belo_horizonte";"0";"0,0000000000000";"0,168358172560089";"suburban";NA;NA;NA;NA
"365";"belo_horizonte";"0";"0,0000000000000";"0,110544682923822";"suburban";NA;NA;NA;NA
"366";"belo_horizonte";"0";"0,0000000000000";"0,108161829749785";"suburban";NA;NA;NA;NA
"367";"belo_horizonte";"0";"0,0000000000000";"0,152052365572544";"suburban";NA;NA;NA;NA
"368";"belo_horizonte";"0";"0,0000000000000";"0,119208894412527";"suburban";NA;NA;NA;NA
"369";"belo_horizonte";"0";"0,0000000000000";"0,098630087371837";"suburban";NA;NA;NA;NA
"370";"belo_horizonte";"0";"0,0000000000000";"0,087253981524525";"suburban";NA;NA;NA;NA
"371";"belo_horizonte";"0";"0,0000000000000";"0,131347448797382";"suburban";NA;NA;NA;NA
"372";"belo_horizonte";"0";"0,0000000000000";"0,135255435438093";"suburban";NA;NA;NA;NA
"373";"belo_horizonte";"0";"0,0000000000000";"0,081664279502148";"suburban";NA;NA;NA;NA
"374";"belo_horizonte";"1";"33,0880066300000";"0,328161034369787";"suburban";NA;NA;NA;NA
"375";"belo_horizonte";"0";"0,0000000000000";"0,144969739185516";"suburban";NA;NA;NA;NA
"376";"belo_horizonte";"0";"0,0000000000000";"0,218116877584491";"suburban";NA;NA;NA;NA
"377";"belo_horizonte";"0";"0,0000000000000";"0,163100615257139";"suburban";NA;NA;NA;NA
"378";"belo_horizonte";"0";"0,0000000000000";"0,142458152386832";"suburban";NA;NA;NA;NA
"379";"belo_horizonte";"0";"0,0000000000000";"0,081576919966052";"suburban";NA;NA;NA;NA
"380";"belo_horizonte";"0";"0,0000000000000";"0,077273191801976";"suburban";NA;NA;NA;NA
"381";"belo_horizonte";"0";"0,0000000000000";"0,000000000000000";"suburban";NA;NA;NA;NA
"382";"belo_horizonte";"0";"0,0000000000000";"0,023044454782154";"suburban";NA;NA;NA;NA
"383";"belo_horizonte";"0";"0,0000000000000";"0,079543149389939";"suburban";NA;NA;NA;NA
"384";"belo_horizonte";"0";"0,0000000000000";"0,108969391541543";"suburban";NA;NA;NA;NA
"385";"belo_horizonte";"0";"0,0000000000000";"0,045328361271001";"suburban";NA;NA;NA;NA
"386";"belo_horizonte";"0";"0,0000000000000";"0,080191279842493";"suburban";NA;NA;NA;NA
"387";"belo_horizonte";"0";"0,0000000000000";"0,057598968244882";"suburban";NA;NA;NA;NA
"388";"belo_horizonte";"0";"0,0000000000000";"0,121944341096951";"suburban";NA;NA;NA;NA
"389";"belo_horizonte";"0";"0,0000000000000";"0,113287989421720";"suburban";NA;NA;NA;NA
"390";"belo_horizonte";"0";"0,0000000000000";"0,165854216944329";"suburban";NA;NA;NA;NA
"391";"belo_horizonte";"0";"0,0000000000000";"0,262496887288931";"suburban";NA;NA;NA;NA
"392";"belo_horizonte";"0";"0,0000000000000";"0,117877343345422";"suburban";NA;NA;NA;NA
"393";"belo_horizonte";"0";"0,0000000000000";"0,103942410831956";"suburban";NA;NA;NA;NA
"394";"belo_horizonte";"0";"0,0000000000000";"0,111029511133621";"suburban";NA;NA;NA;NA
"395";"belo_horizonte";"0";"0,0000000000000";"0,115176077029941";"suburban";NA;NA;NA;NA
"396";"belo_horizonte";"0";"0,0000000000000";"0,199096643072765";"suburban";NA;NA;NA;NA
"397";"belo_horizonte";"0";"0,0000000000000";"0,131022907097181";"suburban";NA;NA;NA;NA
"398";"belo_horizonte";"0";"0,0000000000000";"0,173133155718622";"suburban";NA;NA;NA;NA
"399";"belo_horizonte";"0";"0,0000000000000";"0,099754120494886";"suburban";NA;NA;NA;NA
"400";"belo_horizonte";"0";"0,0000000000000";"0,106049595025373";"suburban";NA;NA;NA;NA
"401";"belo_horizonte";"0";"0,0000000000000";"0,150232296401354";"suburban";NA;NA;NA;NA
"402";"belo_horizonte";"0";"0,0000000000000";"0,131895894290859";"suburban";NA;NA;NA;NA
"403";"belo_horizonte";"0";"0,0000000000000";"0,124159145409487";"suburban";NA;NA;NA;NA
"404";"belo_horizonte";"0";"0,0000000000000";"0,055240296415606";"suburban";NA;NA;NA;NA
"405";"belo_horizonte";"0";"0,0000000000000";"0,000000000000000";"suburban";NA;NA;NA;NA
"406";"belo_horizonte";"0";"0,0000000000000";"0,002503335661600";"suburban";NA;NA;NA;NA
"407";"belo_horizonte";"0";"0,0000000000000";"0,011300424597709";"suburban";NA;NA;NA;NA
"408";"belo_horizonte";"0";"0,0000000000000";"0,000000000000000";"suburban";NA;NA;NA;NA
"409";"belo_horizonte";"0";"0,0000000000000";"0,045371187830532";"suburban";NA;NA;NA;NA
"410";"belo_horizonte";"0";"0,0000000000000";"0,130492068989439";"suburban";NA;NA;NA;NA
"411";"belo_horizonte";"0";"0,0000000000000";"0,154000973556371";"suburban";NA;NA;NA;NA
"412";"belo_horizonte";"0";"0,0000000000000";"0,088257327259455";"suburban";NA;NA;NA;NA
"413";"belo_horizonte";"0";"0,0000000000000";"0,131810153999393";"suburban";NA;NA;NA;NA
"414";"belo_horizonte";"0";"0,0000000000000";"0,160998390057255";"suburban";NA;NA;NA;NA
"415";"belo_horizonte";"0";"0,0000000000000";"0,149902620800419";"suburban";NA;NA;NA;NA
"416";"belo_horizonte";"0";"0,0000000000000";"0,067263875495204";"suburban";NA;NA;NA;NA
"417";"belo_horizonte";"0";"0,0000000000000";"0,041646255353895";"suburban";NA;NA;NA;NA
"418";"belo_horizonte";"0";"0,0000000000000";"0,123451742919584";"suburban";NA;NA;NA;NA
"419";"belo_horizonte";"0";"0,0000000000000";"0,140851632357359";"suburban";NA;NA;NA;NA
"420";"belo_horizonte";"0";"0,0000000000000";"0,089000914230443";"suburban";NA;NA;NA;NA
"421";"belo_horizonte";"0";"0,0000000000000";"0,136245268533158";"suburban";NA;NA;NA;NA
"422";"belo_horizonte";"0";"0,0000000000000";"0,067678632849991";"suburban";NA;NA;NA;NA
"423";"belo_horizonte";"0";"0,0000000000000";"0,153694782855376";"suburban";NA;NA;NA;NA
"424";"belo_horizonte";"0";"0,0000000000000";"0,145720105338833";"suburban";NA;NA;NA;NA
"425";"belo_horizonte";"0";"0,0000000000000";"0,148226041102353";"suburban";NA;NA;NA;NA
"426";"belo_horizonte";"0";"0,0000000000000";"0,113471424200389";"suburban";NA;NA;NA;NA
"427";"belo_horizonte";"0";"0,0000000000000";"0,087744779923999";"suburban";NA;NA;NA;NA
"428";"belo_horizonte";"0";"0,0000000000000";"0,011739578319317";"suburban";NA;NA;NA;NA
"429";"belo_horizonte";"0";"0,0000000000000";"0,055007364393449";"suburban";NA;NA;NA;NA
"430";"belo_horizonte";"0";"0,0000000000000";"0,044810311651859";"suburban";NA;NA;NA;NA
"431";"belo_horizonte";"0";"0,0000000000000";"0,138603601467713";"suburban";NA;NA;NA;NA
"432";"belo_horizonte";"0";"0,0000000000000";"0,111280245655566";"suburban";NA;NA;NA;NA
"433";"belo_horizonte";"0";"0,0000000000000";"0,043448898969977";"suburban";NA;NA;NA;NA
"434";"belo_horizonte";"0";"0,0000000000000";"0,114010873465597";"suburban";NA;NA;NA;NA
"435";"belo_horizonte";"0";"0,0000000000000";"0,114668629474191";"suburban";NA;NA;NA;NA
"436";"belo_horizonte";"0";"0,0000000000000";"0,085718626106718";"suburban";NA;NA;NA;NA
"437";"belo_horizonte";"0";"0,0000000000000";"0,212551819452783";"suburban";NA;NA;NA;NA
"438";"belo_horizonte";"0";"0,0000000000000";"0,115864695784151";"suburban";NA;NA;NA;NA
"439";"belo_horizonte";"0";"0,0000000000000";"0,087890263485367";"suburban";NA;NA;NA;NA
"440";"belo_horizonte";"0";"0,0000000000000";"0,147106907949109";"suburban";NA;NA;NA;NA
"441";"belo_horizonte";"0";"0,0000000000000";"0,116171310470596";"suburban";NA;NA;NA;NA
"442";"belo_horizonte";"0";"0,0000000000000";"0,280361048837778";"suburban";NA;NA;NA;NA
"443";"belo_horizonte";"0";"0,0000000000000";"0,174654179010692";"suburban";NA;NA;NA;NA
"444";"belo_horizonte";"0";"0,0000000000000";"0,163828560407532";"suburban";NA;NA;NA;NA
"445";"belo_horizonte";"0";"0,0000000000000";"0,158871044597940";"suburban";NA;NA;NA;NA
"446";"belo_horizonte";"0";"0,0000000000000";"0,076906185302334";"suburban";NA;NA;NA;NA
"447";"belo_horizonte";"0";"0,0000000000000";"0,101000495422444";"suburban";NA;NA;NA;NA
"448";"belo_horizonte";"0";"0,0000000000000";"0,069135016969457";"suburban";NA;NA;NA;NA
"449";"belo_horizonte";"0";"0,0000000000000";"0,080860753961106";"suburban";NA;NA;NA;NA
"450";"belo_horizonte";"0";"0,0000000000000";"0,092912335945130";"suburban";NA;NA;NA;NA
"451";"belo_horizonte";"0";"0,0000000000000";"0,090395498690182";"suburban";NA;NA;NA;NA
"452";"belo_horizonte";"0";"0,0000000000000";"0,034521356641824";"suburban";NA;NA;NA;NA
"453";"belo_horizonte";"0";"0,0000000000000";"0,056925476727134";"suburban";NA;NA;NA;NA
"454";"belo_horizonte";"0";"0,0000000000000";"0,063806589610296";"suburban";NA;NA;NA;NA
"455";"belo_horizonte";"0";"0,0000000000000";"0,061121265053840";"suburban";NA;NA;NA;NA
"456";"belo_horizonte";"0";"0,0000000000000";"0,091496630104021";"suburban";NA;NA;NA;NA
"457";"belo_horizonte";"0";"0,0000000000000";"0,035241612349905";"suburban";NA;NA;NA;NA
"458";"belo_horizonte";"0";"0,0000000000000";"0,133106047953970";"suburban";NA;NA;NA;NA
"459";"belo_horizonte";"0";"0,0000000000000";"0,091079262592692";"suburban";NA;NA;NA;NA
"460";"belo_horizonte";"0";"0,0000000000000";"0,154941175466991";"suburban";NA;NA;NA;NA
"461";"belo_horizonte";"0";"0,0000000000000";"0,207265332933631";"suburban";NA;NA;NA;NA
"462";"belo_horizonte";"0";"0,0000000000000";"0,067130448749324";"suburban";NA;NA;NA;NA
"463";"belo_horizonte";"0";"0,0000000000000";"0,014389966531613";"suburban";NA;NA;NA;NA
"464";"belo_horizonte";"0";"0,0000000000000";"0,010750055822253";"suburban";NA;NA;NA;NA
"465";"belo_horizonte";"0";"0,0000000000000";"0,051180594078112";"suburban";NA;NA;NA;NA
"466";"belo_horizonte";"0";"0,0000000000000";"0,068296123659082";"suburban";NA;NA;NA;NA
"467";"belo_horizonte";"0";"0,0000000000000";"0,027407303506333";"suburban";NA;NA;NA;NA
"468";"belo_horizonte";"0";"0,0000000000000";"0,017718863449446";"suburban";NA;NA;NA;NA
"469";"belo_horizonte";"0";"0,0000000000000";"0,000000000000000";"suburban";NA;NA;NA;NA
"470";"belo_horizonte";"0";"0,0000000000000";"0,053740176570472";"suburban";NA;NA;NA;NA
"471";"belo_horizonte";"0";"0,0000000000000";"0,094638519612464";"suburban";NA;NA;NA;NA
"472";"belo_horizonte";"0";"0,0000000000000";"0,114219026410059";"suburban";NA;NA;NA;NA
"473";"belo_horizonte";"0";"0,0000000000000";"0,129357627523321";"suburban";NA;NA;NA;NA
"474";"belo_horizonte";"0";"0,0000000000000";"0,073978512202791";"suburban";NA;NA;NA;NA
"475";"belo_horizonte";"0";"0,0000000000000";"0,123350472735919";"suburban";NA;NA;NA;NA
"476";"belo_horizonte";"0";"0,0000000000000";"0,061011565702799";"suburban";NA;NA;NA;NA
"477";"belo_horizonte";"0";"0,0000000000000";"0,093039831917687";"suburban";NA;NA;NA;NA
"478";"belo_horizonte";"0";"0,0000000000000";"0,156641831070043";"suburban";NA;NA;NA;NA
"479";"belo_horizonte";"0";"0,0000000000000";"0,000000000000000";"suburban";NA;NA;NA;NA
"480";"belo_horizonte";"0";"0,0000000000000";"0,033178086021100";"suburban";NA;NA;NA;NA
"481";"belo_horizonte";"0";"0,0000000000000";"0,071980906258032";"suburban";NA;NA;NA;NA
"482";"belo_horizonte";"0";"0,0000000000000";"0,028015236311417";"suburban";NA;NA;NA;NA
"483";"belo_horizonte";"0";"0,0000000000000";"0,036222537200569";"suburban";NA;NA;NA;NA
"484";"belo_horizonte";"0";"0,0000000000000";"0,039262470952202";"suburban";NA;NA;NA;NA
"485";"belo_horizonte";"0";"0,0000000000000";"0,095628112325030";"suburban";NA;NA;NA;NA
"486";"belo_horizonte";"0";"0,0000000000000";"0,094604354211316";"suburban";NA;NA;NA;NA
"487";"belo_horizonte";"0";"0,0000000000000";"0,090641590131905";"suburban";NA;NA;NA;NA
"488";"belo_horizonte";"0";"0,0000000000000";"0,157958390339229";"suburban";NA;NA;NA;NA
"489";"belo_horizonte";"0";"0,0000000000000";"0,108144842606915";"suburban";NA;NA;NA;NA
"490";"belo_horizonte";"0";"0,0000000000000";"0,116793470190465";"suburban";NA;NA;NA;NA
"491";"belo_horizonte";"0";"0,0000000000000";"0,043209309552861";"suburban";NA;NA;NA;NA
"492";"belo_horizonte";"0";"0,0000000000000";"0,102434420160937";"suburban";NA;NA;NA;NA
"493";"belo_horizonte";"0";"0,0000000000000";"0,037051336216173";"suburban";NA;NA;NA;NA
"494";"belo_horizonte";"0";"0,0000000000000";"0,042585085856896";"suburban";NA;NA;NA;NA
"495";"belo_horizonte";"0";"0,0000000000000";"0,036517621573026";"suburban";NA;NA;NA;NA
"496";"belo_horizonte";"0";"0,0000000000000";"0,013962842104184";"suburban";NA;NA;NA;NA
"497";"belo_horizonte";"0";"0,0000000000000";"0,050496620851427";"suburban";NA;NA;NA;NA
"498";"belo_horizonte";"0";"0,0000000000000";"0,025356012472324";"suburban";NA;NA;NA;NA
"499";"belo_horizonte";"0";"0,0000000000000";"0,034151017534814";"suburban";NA;NA;NA;NA
"500";"belo_horizonte";"0";"0,0000000000000";"0,036823863720600";"suburban";NA;NA;NA;NA
"501";"belo_horizonte";"0";"0,0000000000000";"0,000000000000000";"suburban";NA;NA;NA;NA
"502";"belo_horizonte";"0";"0,0000000000000";"0,011064261954010";"suburban";NA;NA;NA;NA
"503";"belo_horizonte";"0";"0,0000000000000";"0,015432953537480";"suburban";NA;NA;NA;NA
"504";"belo_horizonte";"0";"0,0000000000000";"0,011162108864464";"suburban";NA;NA;NA;NA
"505";"belo_horizonte";"0";"0,0000000000000";"0,009858201795936";"suburban";NA;NA;NA;NA
"506";"belo_horizonte";"0";"0,0000000000000";"0,060017344754299";"suburban";NA;NA;NA;NA
"507";"belo_horizonte";"0";"0,0000000000000";"0,004447791790032";"suburban";NA;NA;NA;NA
"508";"belo_horizonte";"0";"0,0000000000000";"0,031108291321455";"suburban";NA;NA;NA;NA
"509";"belo_horizonte";"0";"0,0000000000000";"0,054562466927209";"suburban";NA;NA;NA;NA
"510";"belo_horizonte";"0";"0,0000000000000";"0,023454175605754";"suburban";NA;NA;NA;NA
"1";"sao_paulo";"0";"0,0000000000000";"0,008914998831728";"suburban";NA;NA;NA;NA
"2";"sao_paulo";"0";"0,0000000000000";"0,060358975076519";"suburban";NA;NA;NA;NA
"3";"sao_paulo";"0";"0,0000000000000";"0,038614253772387";"suburban";NA;NA;NA;NA
"4";"sao_paulo";"0";"0,0000000000000";"0,036868201636228";"suburban";NA;NA;NA;NA
"5";"sao_paulo";"0";"0,0000000000000";"0,069467818390031";"suburban";NA;NA;NA;NA
"6";"sao_paulo";"0";"0,0000000000000";"0,136362921770187";"suburban";NA;NA;NA;NA
"7";"sao_paulo";"0";"0,0000000000000";"0,149447798671032";"suburban";NA;NA;NA;NA
"8";"sao_paulo";"0";"0,0000000000000";"0,027787062356654";"suburban";NA;NA;NA;NA
"9";"sao_paulo";"0";"0,0000000000000";"0,056050124937451";"suburban";NA;NA;NA;NA
"10";"sao_paulo";"0";"0,0000000000000";"0,007700525805643";"suburban";NA;NA;NA;NA
"11";"sao_paulo";"0";"0,0000000000000";"0,020124605313815";"suburban";NA;NA;NA;NA
"12";"sao_paulo";"0";"0,0000000000000";"0,131336421078004";"suburban";NA;NA;NA;NA
"13";"sao_paulo";"0";"0,0000000000000";"0,160292779072338";"suburban";NA;NA;NA;NA
"14";"sao_paulo";"0";"0,0000000000000";"0,125647689676315";"suburban";NA;NA;NA;NA
"15";"sao_paulo";"0";"0,0000000000000";"0,033702874585983";"suburban";NA;NA;NA;NA
"16";"sao_paulo";"0";"0,0000000000000";"0,041622354623132";"suburban";NA;NA;NA;NA
"17";"sao_paulo";"0";"0,0000000000000";"0,048239226998528";"suburban";NA;NA;NA;NA
"18";"sao_paulo";"0";"0,0000000000000";"0,009957572817388";"suburban";NA;NA;NA;NA
"19";"sao_paulo";"0";"0,0000000000000";"0,052884938379095";"suburban";NA;NA;NA;NA
"20";"sao_paulo";"9";"29,7733736011111";"0,218843867774397";"suburban";NA;NA;NA;NA
"21";"sao_paulo";"0";"0,0000000000000";"0,226061215152982";"suburban";NA;NA;NA;NA
"22";"sao_paulo";"0";"0,0000000000000";"0,112240603635150";"suburban";NA;NA;NA;NA
"23";"sao_paulo";"0";"0,0000000000000";"0,035646377465819";"suburban";NA;NA;NA;NA
"24";"sao_paulo";"0";"0,0000000000000";"0,043746780854488";"suburban";NA;NA;NA;NA
"25";"sao_paulo";"0";"0,0000000000000";"0,094729002772288";"suburban";NA;NA;NA;NA
"26";"sao_paulo";"0";"0,0000000000000";"0,179542661865741";"suburban";NA;NA;NA;NA
"27";"sao_paulo";"0";"0,0000000000000";"0,063551008351264";"suburban";NA;NA;NA;NA
"28";"sao_paulo";"0";"0,0000000000000";"0,016582932686082";"suburban";NA;NA;NA;NA
"29";"sao_paulo";"0";"0,0000000000000";"0,008147968239129";"suburban";NA;NA;NA;NA
"30";"sao_paulo";"0";"0,0000000000000";"0,113263013360324";"suburban";NA;NA;NA;NA
"31";"sao_paulo";"0";"0,0000000000000";"0,108808365577939";"suburban";NA;NA;NA;NA
"32";"sao_paulo";"14";"18,9868985772857";"0,128928218295104";"suburban";NA;NA;NA;NA
"33";"sao_paulo";"1";"27,3600000000000";"0,131651234663834";"suburban";NA;NA;NA;NA
"34";"sao_paulo";"0";"0,0000000000000";"0,136556280234757";"suburban";NA;NA;NA;NA
"35";"sao_paulo";"16";"30,0785863837500";"0,362966621884692";"suburban";NA;NA;NA;NA
"36";"sao_paulo";"0";"0,0000000000000";"0,319772310481524";"suburban";NA;NA;NA;NA
"37";"sao_paulo";"0";"0,0000000000000";"0,215786788219346";"suburban";NA;NA;NA;NA
"38";"sao_paulo";"0";"0,0000000000000";"0,093135740060551";"suburban";NA;NA;NA;NA
"39";"sao_paulo";"0";"0,0000000000000";"0,055775617085115";"suburban";NA;NA;NA;NA
"40";"sao_paulo";"0";"0,0000000000000";"0,027151865126299";"suburban";NA;NA;NA;NA
"41";"sao_paulo";"0";"0,0000000000000";"0,064690205014690";"suburban";NA;NA;NA;NA
"42";"sao_paulo";"0";"0,0000000000000";"0,159034974443881";"suburban";NA;NA;NA;NA
"43";"sao_paulo";"0";"0,0000000000000";"0,105004570514973";"suburban";NA;NA;NA;NA
"44";"sao_paulo";"0";"0,0000000000000";"0,039419987692430";"suburban";NA;NA;NA;NA
"45";"sao_paulo";"0";"0,0000000000000";"0,029723631126085";"suburban";NA;NA;NA;NA
"46";"sao_paulo";"0";"0,0000000000000";"0,020558239824922";"suburban";NA;NA;NA;NA
"47";"sao_paulo";"0";"0,0000000000000";"0,059462303169560";"suburban";NA;NA;NA;NA
"48";"sao_paulo";"0";"0,0000000000000";"0,130497306545465";"suburban";NA;NA;NA;NA
"49";"sao_paulo";"22";"38,3803608713636";"0,110097612231508";"suburban";NA;NA;NA;NA
"50";"sao_paulo";"10";"41,7176977420000";"0,272891018413286";"suburban";NA;NA;NA;NA
"51";"sao_paulo";"96";"42,7824197219271";"0,429331903301497";"suburban";TRUE;TRUE;NA;NA
"52";"sao_paulo";"0";"0,0000000000000";"0,215824783741960";"suburban";NA;NA;NA;NA
"53";"sao_paulo";"2";"45,8533333350000";"0,335401371003453";"suburban";NA;NA;NA;NA
"54";"sao_paulo";"0";"0,0000000000000";"0,045674795097352";"suburban";NA;NA;NA;NA
"55";"sao_paulo";"0";"0,0000000000000";"0,044692397106550";"suburban";NA;NA;NA;NA
"56";"sao_paulo";"0";"0,0000000000000";"0,012435183091325";"suburban";NA;NA;NA;NA
"57";"sao_paulo";"0";"0,0000000000000";"0,085906141430156";"suburban";NA;NA;NA;NA
"58";"sao_paulo";"0";"0,0000000000000";"0,132612636578442";"suburban";NA;NA;NA;NA
"59";"sao_paulo";"0";"0,0000000000000";"0,132805607805267";"suburban";NA;NA;NA;NA
"60";"sao_paulo";"0";"0,0000000000000";"0,041175595128258";"suburban";NA;NA;NA;NA
"61";"sao_paulo";"0";"0,0000000000000";"0,050169284426897";"suburban";NA;NA;NA;NA
"62";"sao_paulo";"0";"0,0000000000000";"0,061864011509279";"suburban";NA;NA;NA;NA
"63";"sao_paulo";"0";"0,0000000000000";"0,000000000000000";"suburban";NA;NA;NA;NA
"64";"sao_paulo";"0";"0,0000000000000";"0,043674853963079";"suburban";NA;NA;NA;NA
"65";"sao_paulo";"0";"0,0000000000000";"0,171772452665327";"suburban";NA;NA;NA;NA
"66";"sao_paulo";"0";"0,0000000000000";"0,084373424582415";"suburban";NA;NA;NA;NA
"67";"sao_paulo";"63";"38,7124584598413";"0,306207921506555";"suburban";TRUE;TRUE;NA;NA
"68";"sao_paulo";"47";"38,9073628140425";"0,243052167872093";"suburban";TRUE;TRUE;NA;NA
"69";"sao_paulo";"228";"46,7287973155263";"0,457479352550725";"suburban";TRUE;TRUE;NA;NA
"70";"sao_paulo";"19";"43,3186009794737";"0,613565274068376";"suburban";NA;NA;NA;NA
"71";"sao_paulo";"1";"45,6000000000000";"0,473771368084511";"suburban";NA;NA;NA;NA
"72";"sao_paulo";"0";"0,0000000000000";"0,179835445640208";"suburban";NA;NA;NA;NA
"73";"sao_paulo";"0";"0,0000000000000";"0,130461965325619";"suburban";NA;NA;NA;NA
"74";"sao_paulo";"0";"0,0000000000000";"0,117512904295037";"suburban";NA;NA;NA;NA
"75";"sao_paulo";"0";"0,0000000000000";"0,161252045900259";"suburban";NA;NA;NA;NA
"76";"sao_paulo";"0";"0,0000000000000";"0,144206771382430";"suburban";NA;NA;NA;NA
"77";"sao_paulo";"0";"0,0000000000000";"0,080754260930966";"suburban";NA;NA;NA;NA
"78";"sao_paulo";"0";"0,0000000000000";"0,048790610410318";"suburban";NA;NA;NA;NA
"79";"sao_paulo";"0";"0,0000000000000";"0,072915305688540";"suburban";NA;NA;NA;NA
"80";"sao_paulo";"0";"0,0000000000000";"0,037034574552834";"suburban";NA;NA;NA;NA
"81";"sao_paulo";"0";"0,0000000000000";"0,000000000000000";"suburban";NA;NA;NA;NA
"82";"sao_paulo";"0";"0,0000000000000";"0,038974627652351";"suburban";NA;NA;NA;NA
"83";"sao_paulo";"0";"0,0000000000000";"0,128347975325979";"suburban";NA;NA;NA;NA
"84";"sao_paulo";"4";"31,4775879950000";"0,200798022218965";"suburban";NA;NA;NA;NA
"85";"sao_paulo";"85";"31,0064743371765";"0,379349574801902";"suburban";TRUE;TRUE;NA;NA
"86";"sao_paulo";"31";"64,9427993725807";"0,328666553801713";"suburban";TRUE;FALSE;NA;NA
"87";"sao_paulo";"34";"45,8704506152941";"0,764450547715959";"suburban";TRUE;FALSE;NA;NA
"88";"sao_paulo";"7";"42,6644470614286";"0,585331069309836";"suburban";NA;NA;NA;NA
"89";"sao_paulo";"5";"33,2162746920000";"0,399220032831565";"suburban";NA;NA;NA;NA
"90";"sao_paulo";"3";"61,6069498100000";"0,276894575019967";"suburban";NA;NA;NA;NA
"91";"sao_paulo";"3";"29,8838188810000";"0,269190089798815";"suburban";NA;NA;NA;NA
"92";"sao_paulo";"10";"34,6829704370000";"0,299459394701159";"suburban";NA;NA;NA;NA
"93";"sao_paulo";"0";"0,0000000000000";"0,148178890408692";"suburban";NA;NA;NA;NA
"94";"sao_paulo";"0";"0,0000000000000";"0,130342630772846";"suburban";NA;NA;NA;NA
"95";"sao_paulo";"0";"0,0000000000000";"0,090318137232077";"suburban";NA;NA;NA;NA
"96";"sao_paulo";"0";"0,0000000000000";"0,095161687003434";"suburban";NA;NA;NA;NA
"97";"sao_paulo";"0";"0,0000000000000";"0,108064444599738";"suburban";NA;NA;NA;NA
"98";"sao_paulo";"0";"0,0000000000000";"0,014638037968283";"suburban";NA;NA;NA;NA
"99";"sao_paulo";"0";"0,0000000000000";"0,000000000000000";"suburban";NA;NA;NA;NA
"100";"sao_paulo";"1";"34,2000000000000";"0,076842587658842";"suburban";NA;NA;NA;NA
"101";"sao_paulo";"3";"52,6838247466667";"0,318731335751424";"suburban";NA;NA;NA;NA
"102";"sao_paulo";"0";"0,0000000000000";"0,096793045149769";"suburban";NA;NA;NA;NA
"103";"sao_paulo";"12";"35,0202877708333";"0,291629314524022";"suburban";NA;NA;NA;NA
"104";"sao_paulo";"34";"52,0261050532353";"0,265806268858939";"suburban";TRUE;FALSE;NA;NA
"105";"sao_paulo";"9";"52,5654591311111";"0,707593608132848";"suburban";NA;NA;NA;NA
"106";"sao_paulo";"57";"47,3707347543860";"0,706424754116790";"suburban";TRUE;TRUE;NA;NA
"107";"sao_paulo";"8";"43,5792918612500";"0,466251754468408";"suburban";NA;NA;NA;NA
"108";"sao_paulo";"0";"0,0000000000000";"0,485267414601753";"suburban";NA;NA;NA;NA
"109";"sao_paulo";"7";"33,9992589314286";"0,330265579376524";"suburban";NA;NA;NA;NA
"110";"sao_paulo";"1";"18,2400000000000";"0,213194381050077";"suburban";NA;NA;NA;NA
"111";"sao_paulo";"0";"0,0000000000000";"0,162709516311160";"suburban";NA;NA;NA;NA
"112";"sao_paulo";"5";"22,6923772060000";"0,280206018138190";"suburban";NA;NA;NA;NA
"113";"sao_paulo";"0";"0,0000000000000";"0,178242669246327";"suburban";NA;NA;NA;NA
"114";"sao_paulo";"0";"0,0000000000000";"0,161561412265675";"suburban";NA;NA;NA;NA
"115";"sao_paulo";"0";"0,0000000000000";"0,033288879783147";"suburban";NA;NA;NA;NA
"116";"sao_paulo";"0";"0,0000000000000";"0,000000000000000";"suburban";NA;NA;NA;NA
"117";"sao_paulo";"0";"0,0000000000000";"0,085601168732221";"suburban";NA;NA;NA;NA
"118";"sao_paulo";"0";"0,0000000000000";"0,123382696361274";"suburban";NA;NA;NA;NA
"119";"sao_paulo";"0";"0,0000000000000";"0,068364463087886";"suburban";NA;NA;NA;NA
"120";"sao_paulo";"0";"0,0000000000000";"0,145728898617868";"suburban";NA;NA;NA;NA
"121";"sao_paulo";"2";"33,2228571450000";"0,321883249383508";"suburban";NA;NA;NA;NA
"122";"sao_paulo";"156";"53,1799694589679";"0,676054542537348";"suburban";TRUE;TRUE;NA;NA
"123";"sao_paulo";"161";"49,3161244048571";"0,897653327137351";"suburban";TRUE;TRUE;NA;NA
"124";"sao_paulo";"36";"48,9064332036111";"0,721042474855743";"suburban";TRUE;FALSE;NA;NA
"125";"sao_paulo";"19";"42,9386844389474";"0,794357190605299";"suburban";NA;NA;NA;NA
"126";"sao_paulo";"0";"0,0000000000000";"0,733699097243600";"suburban";NA;NA;NA;NA
"127";"sao_paulo";"0";"0,0000000000000";"0,425593526429243";"suburban";NA;NA;NA;NA
"128";"sao_paulo";"2";"28,6092892550000";"0,282053523917134";"suburban";NA;NA;NA;NA
"129";"sao_paulo";"1";"14,2500000000000";"0,151241220431442";"suburban";NA;NA;NA;NA
"130";"sao_paulo";"0";"0,0000000000000";"0,198595964581568";"suburban";NA;NA;NA;NA
"131";"sao_paulo";"0";"0,0000000000000";"0,154869043272769";"suburban";NA;NA;NA;NA
"132";"sao_paulo";"0";"0,0000000000000";"0,077062661705675";"suburban";NA;NA;NA;NA
"133";"sao_paulo";"0";"0,0000000000000";"0,184734152692289";"suburban";NA;NA;NA;NA
"134";"sao_paulo";"5";"28,9107157760000";"0,512675570069034";"suburban";NA;NA;NA;NA
"135";"sao_paulo";"7";"28,4953542528571";"0,454331967617964";"suburban";NA;NA;NA;NA
"136";"sao_paulo";"7";"30,3537183057143";"0,273953491229043";"suburban";NA;NA;NA;NA
"137";"sao_paulo";"0";"0,0000000000000";"0,508964569597362";"suburban";NA;NA;NA;NA
"138";"sao_paulo";"1";"45,6000000000000";"0,523554988033951";"suburban";NA;NA;NA;NA
"139";"sao_paulo";"51";"48,0080076347059";"0,747175837222059";"suburban";TRUE;TRUE;NA;NA
"140";"sao_paulo";"6";"46,8438312733333";"0,934094873351196";"central";NA;NA;NA;NA
"141";"sao_paulo";"5";"66,7540497740000";"0,835241232571553";"suburban";NA;NA;TRUE;FALSE
"142";"sao_paulo";"0";"0,0000000000000";"0,965788701831393";"central";NA;NA;NA;NA
"143";"sao_paulo";"0";"0,0000000000000";"0,457627241329870";"suburban";NA;NA;NA;NA
"144";"sao_paulo";"0";"0,0000000000000";"0,185417826869431";"suburban";NA;NA;NA;NA
"145";"sao_paulo";"0";"0,0000000000000";"0,223924538199950";"suburban";NA;NA;NA;NA
"146";"sao_paulo";"0";"0,0000000000000";"0,208719278804833";"suburban";NA;NA;NA;NA
"147";"sao_paulo";"0";"0,0000000000000";"0,203676649545719";"suburban";NA;NA;NA;NA
"148";"sao_paulo";"0";"0,0000000000000";"0,100895484671058";"suburban";NA;NA;NA;NA
"149";"sao_paulo";"0";"0,0000000000000";"0,057971881005476";"suburban";NA;NA;NA;NA
"150";"sao_paulo";"0";"0,0000000000000";"0,002965731456907";"suburban";NA;NA;NA;NA
"151";"sao_paulo";"0";"0,0000000000000";"0,250314765375234";"suburban";NA;NA;NA;NA
"152";"sao_paulo";"0";"0,0000000000000";"0,452674555382901";"suburban";NA;NA;NA;NA
"153";"sao_paulo";"1";"36,2727272700000";"0,150880629363383";"suburban";NA;NA;NA;NA
"154";"sao_paulo";"11";"37,6570885681818";"0,164712853046168";"suburban";NA;NA;NA;NA
"155";"sao_paulo";"0";"0,0000000000000";"0,603198860447723";"suburban";NA;NA;NA;NA
"156";"sao_paulo";"0";"0,0000000000000";"0,916500260498312";"suburban";NA;NA;NA;NA
"157";"sao_paulo";"0";"0,0000000000000";"1,054140714689748";"central";NA;NA;NA;NA
"158";"sao_paulo";"0";"0,0000000000000";"1,146602743854121";"central";NA;NA;NA;NA
"159";"sao_paulo";"0";"0,0000000000000";"0,926256657101649";"suburban";NA;NA;NA;NA
"160";"sao_paulo";"0";"0,0000000000000";"0,763321839051856";"suburban";NA;NA;NA;NA
"161";"sao_paulo";"0";"0,0000000000000";"0,734477271669508";"suburban";NA;NA;NA;NA
"162";"sao_paulo";"0";"0,0000000000000";"0,600074590650844";"suburban";NA;NA;NA;NA
"163";"sao_paulo";"0";"0,0000000000000";"0,268442912486382";"suburban";NA;NA;NA;NA
"164";"sao_paulo";"0";"0,0000000000000";"0,226359559201724";"suburban";NA;NA;NA;NA
"165";"sao_paulo";"0";"0,0000000000000";"0,127871269884415";"suburban";NA;NA;NA;NA
"166";"sao_paulo";"0";"0,0000000000000";"0,041056649147638";"suburban";NA;NA;NA;NA
"167";"sao_paulo";"0";"0,0000000000000";"0,000000000000000";"suburban";NA;NA;NA;NA
"168";"sao_paulo";"0";"0,0000000000000";"0,050838714334039";"suburban";NA;NA;NA;NA
"169";"sao_paulo";"0";"0,0000000000000";"0,145535044413131";"suburban";NA;NA;NA;NA
"170";"sao_paulo";"1";"43,0605866700000";"0,197519754027403";"suburban";NA;NA;NA;NA
"171";"sao_paulo";"1";"17,1000000000000";"0,232020306764528";"suburban";NA;NA;NA;NA
"172";"sao_paulo";"0";"0,0000000000000";"0,151945796767261";"suburban";NA;NA;NA;NA
"173";"sao_paulo";"0";"0,0000000000000";"0,920136979000994";"suburban";NA;NA;NA;NA
"174";"sao_paulo";"0";"0,0000000000000";"0,948368104283391";"central";NA;NA;NA;NA
"175";"sao_paulo";"2";"50,7296543050000";"1,781114643613314";"central";NA;NA;NA;NA
"176";"sao_paulo";"0";"0,0000000000000";"1,059018240399964";"central";NA;NA;NA;NA
"177";"sao_paulo";"1";"26,7520000000000";"0,919928543188869";"suburban";NA;NA;NA;NA
"178";"sao_paulo";"0";"0,0000000000000";"0,603797926997034";"suburban";NA;NA;NA;NA
"179";"sao_paulo";"0";"0,0000000000000";"0,480628070674157";"suburban";NA;NA;NA;NA
"180";"sao_paulo";"0";"0,0000000000000";"0,244865998057942";"suburban";NA;NA;NA;NA
"181";"sao_paulo";"0";"0,0000000000000";"0,131169902247426";"suburban";NA;NA;NA;NA
"182";"sao_paulo";"0";"0,0000000000000";"0,192880372281527";"suburban";NA;NA;NA;NA
"183";"sao_paulo";"0";"0,0000000000000";"0,064003547519408";"suburban";NA;NA;NA;NA
"184";"sao_paulo";"0";"0,0000000000000";"0,012120386096192";"suburban";NA;NA;NA;NA
"185";"sao_paulo";"0";"0,0000000000000";"0,000000000000000";"suburban";NA;NA;NA;NA
"186";"sao_paulo";"0";"0,0000000000000";"0,067727481796122";"suburban";NA;NA;NA;NA
"187";"sao_paulo";"1";"27,3600000000000";"0,204540049609807";"suburban";NA;NA;NA;NA
"188";"sao_paulo";"0";"0,0000000000000";"0,195473335886286";"suburban";NA;NA;NA;NA
"189";"sao_paulo";"0";"0,0000000000000";"0,242091722044562";"suburban";NA;NA;NA;NA
"190";"sao_paulo";"0";"0,0000000000000";"0,154899569320403";"suburban";NA;NA;NA;NA
"191";"sao_paulo";"0";"0,0000000000000";"0,453921666385332";"suburban";NA;NA;NA;NA
"192";"sao_paulo";"0";"0,0000000000000";"1,110091750122601";"central";NA;NA;NA;NA
"193";"sao_paulo";"0";"0,0000000000000";"1,915714175869616";"central";NA;NA;NA;NA
"194";"sao_paulo";"0";"0,0000000000000";"1,097696262556617";"central";NA;NA;NA;NA
"195";"sao_paulo";"0";"0,0000000000000";"1,007579230979814";"central";NA;NA;NA;NA
"196";"sao_paulo";"11";"30,0940820781818";"0,863185175046751";"suburban";NA;NA;NA;NA
"197";"sao_paulo";"11";"32,0928756745455";"0,454211141963156";"suburban";NA;NA;NA;NA
"198";"sao_paulo";"0";"0,0000000000000";"0,151028972210054";"suburban";NA;NA;NA;NA
"199";"sao_paulo";"0";"0,0000000000000";"0,071796733817001";"suburban";NA;NA;NA;NA
"200";"sao_paulo";"0";"0,0000000000000";"0,075812349925980";"suburban";NA;NA;NA;NA
"201";"sao_paulo";"0";"0,0000000000000";"0,088817518949451";"suburban";NA;NA;NA;NA
"202";"sao_paulo";"0";"0,0000000000000";"0,032700620934946";"suburban";NA;NA;NA;NA
"203";"sao_paulo";"0";"0,0000000000000";"0,018207996920310";"suburban";NA;NA;NA;NA
"204";"sao_paulo";"10";"25,4369067820000";"0,251123857637156";"suburban";NA;NA;NA;NA
"205";"sao_paulo";"1";"17,0219119800000";"0,301958823209196";"suburban";NA;NA;NA;NA
"206";"sao_paulo";"2";"7,8905882355000";"0,313558951284616";"suburban";NA;NA;NA;NA
"207";"sao_paulo";"0";"0,0000000000000";"0,127994784129406";"suburban";NA;NA;NA;NA
"208";"sao_paulo";"0";"0,0000000000000";"0,528115350858140";"suburban";NA;NA;NA;NA
"209";"sao_paulo";"5";"58,2540000000000";"1,074178895102768";"central";NA;NA;NA;NA
"210";"sao_paulo";"0";"0,0000000000000";"0,990449922695135";"central";NA;NA;NA;NA
"211";"sao_paulo";"0";"0,0000000000000";"1,005831378175058";"central";NA;NA;NA;NA
"212";"sao_paulo";"12";"39,8972155116667";"0,814258609110926";"suburban";NA;NA;NA;NA
"213";"sao_paulo";"12";"43,3396398000000";"0,877088920060492";"suburban";NA;NA;NA;NA
"214";"sao_paulo";"15";"36,3185109780000";"0,975751705171096";"central";NA;NA;NA;NA
"215";"sao_paulo";"3";"34,9841269866667";"0,590280080274669";"suburban";NA;NA;NA;NA
"216";"sao_paulo";"1";"12,1600000000000";"0,132421576086923";"suburban";NA;NA;NA;NA
"217";"sao_paulo";"0";"0,0000000000000";"0,167220544247271";"suburban";NA;NA;NA;NA
"218";"sao_paulo";"0";"0,0000000000000";"0,110205127754710";"suburban";NA;NA;NA;NA
"219";"sao_paulo";"0";"0,0000000000000";"0,005037505350706";"suburban";NA;NA;NA;NA
"220";"sao_paulo";"0";"0,0000000000000";"0,000000000000000";"suburban";NA;NA;NA;NA
"221";"sao_paulo";"0";"0,0000000000000";"0,000000000000000";"suburban";NA;NA;NA;NA
"222";"sao_paulo";"0";"0,0000000000000";"0,163515818014673";"suburban";NA;NA;NA;NA
"223";"sao_paulo";"1";"23,3990147800000";"0,161409786165142";"suburban";NA;NA;NA;NA
"224";"sao_paulo";"0";"0,0000000000000";"0,111630538040171";"suburban";NA;NA;NA;NA
"225";"sao_paulo";"0";"0,0000000000000";"0,283320623748786";"suburban";NA;NA;NA;NA
"226";"sao_paulo";"4";"49,0842470100000";"0,937004057060603";"central";NA;NA;NA;NA
"227";"sao_paulo";"7";"40,1019662057143";"0,776763543560286";"suburban";NA;NA;NA;NA
"228";"sao_paulo";"0";"0,0000000000000";"0,928821612417914";"suburban";NA;NA;NA;NA
"229";"sao_paulo";"2";"129,5454545450000";"0,930371161655018";"central";NA;NA;TRUE;TRUE
"230";"sao_paulo";"16";"38,5258639981250";"0,948271336643971";"central";NA;NA;NA;NA
"231";"sao_paulo";"11";"43,9298327863636";"1,163783991820782";"central";NA;NA;NA;NA
"232";"sao_paulo";"2";"49,4794029850000";"0,962143676456604";"central";NA;NA;NA;NA
"233";"sao_paulo";"0";"0,0000000000000";"0,353950513575691";"suburban";NA;NA;NA;NA
"234";"sao_paulo";"0";"0,0000000000000";"0,099594283301400";"suburban";NA;NA;NA;NA
"235";"sao_paulo";"0";"0,0000000000000";"0,009909945413804";"suburban";NA;NA;NA;NA
"236";"sao_paulo";"0";"0,0000000000000";"0,116089503489306";"suburban";NA;NA;NA;NA
"237";"sao_paulo";"0";"0,0000000000000";"0,011557946794895";"suburban";NA;NA;NA;NA
"238";"sao_paulo";"0";"0,0000000000000";"0,076020974234798";"suburban";NA;NA;NA;NA
"239";"sao_paulo";"0";"0,0000000000000";"0,125255586621316";"suburban";NA;NA;NA;NA
"240";"sao_paulo";"0";"0,0000000000000";"0,048746663591633";"suburban";NA;NA;NA;NA
"241";"sao_paulo";"0";"0,0000000000000";"0,086927743265123";"suburban";NA;NA;NA;NA
"242";"sao_paulo";"2";"36,3533333350000";"0,567619756332515";"suburban";NA;NA;NA;NA
"243";"sao_paulo";"5";"29,4993151320000";"0,682681656014272";"suburban";NA;NA;NA;NA
"244";"sao_paulo";"0";"0,0000000000000";"0,981319701638726";"central";NA;NA;NA;NA
"245";"sao_paulo";"0";"0,0000000000000";"0,858985223949237";"suburban";NA;NA;NA;NA
"246";"sao_paulo";"0";"0,0000000000000";"1,034320034320034";"central";NA;NA;NA;NA
"247";"sao_paulo";"7";"38,9076588328571";"0,802645406564670";"suburban";NA;NA;NA;NA
"248";"sao_paulo";"5";"37,5987032960000";"0,560388292758156";"suburban";NA;NA;NA;NA
"249";"sao_paulo";"0";"0,0000000000000";"0,151853587181213";"suburban";NA;NA;NA;NA
"250";"sao_paulo";"0";"0,0000000000000";"0,120914594291423";"suburban";NA;NA;NA;NA
"251";"sao_paulo";"0";"0,0000000000000";"0,065903373737654";"suburban";NA;NA;NA;NA
"252";"sao_paulo";"0";"0,0000000000000";"0,140122012649330";"suburban";NA;NA;NA;NA
"253";"sao_paulo";"0";"0,0000000000000";"0,000000000000000";"suburban";NA;NA;NA;NA
"254";"sao_paulo";"0";"0,0000000000000";"0,033410210103068";"suburban";NA;NA;NA;NA
"255";"sao_paulo";"0";"0,0000000000000";"0,073112817522273";"suburban";NA;NA;NA;NA
"256";"sao_paulo";"0";"0,0000000000000";"0,140911008738853";"suburban";NA;NA;NA;NA
"257";"sao_paulo";"1";"38,0000000000000";"0,498839818001678";"suburban";NA;NA;NA;NA
"258";"sao_paulo";"12";"32,1364061491667";"0,615352926691506";"suburban";NA;NA;NA;NA
"259";"sao_paulo";"1";"36,4064516100000";"0,921277230108788";"suburban";NA;NA;NA;NA
"260";"sao_paulo";"0";"0,0000000000000";"0,906704437766311";"suburban";NA;NA;NA;NA
"261";"sao_paulo";"0";"0,0000000000000";"0,500440999457682";"suburban";NA;NA;NA;NA
"262";"sao_paulo";"2";"34,3612121200000";"0,698637122931829";"suburban";NA;NA;NA;NA
"263";"sao_paulo";"10";"39,6209009160000";"0,722000365868806";"suburban";NA;NA;NA;NA
"264";"sao_paulo";"0";"0,0000000000000";"0,182071846553205";"suburban";NA;NA;NA;NA
"265";"sao_paulo";"0";"0,0000000000000";"0,154317895817314";"suburban";NA;NA;NA;NA
"266";"sao_paulo";"0";"0,0000000000000";"0,065081042384059";"suburban";NA;NA;NA;NA
"267";"sao_paulo";"0";"0,0000000000000";"0,041915981560232";"suburban";NA;NA;NA;NA
"268";"sao_paulo";"0";"0,0000000000000";"0,040156302580564";"suburban";NA;NA;NA;NA
"269";"sao_paulo";"0";"0,0000000000000";"0,105650642627972";"suburban";NA;NA;NA;NA
"270";"sao_paulo";"0";"0,0000000000000";"0,277853412161252";"suburban";NA;NA;NA;NA
"271";"sao_paulo";"7";"32,4066796471429";"0,649630656033763";"suburban";NA;NA;NA;NA
"272";"sao_paulo";"1";"42,0000000000000";"0,742732457977671";"suburban";NA;NA;NA;NA
"273";"sao_paulo";"2";"22,8000000000000";"0,906582989491694";"suburban";NA;NA;NA;NA
"274";"sao_paulo";"0";"0,0000000000000";"0,651973849858739";"suburban";NA;NA;NA;NA
"275";"sao_paulo";"0";"0,0000000000000";"0,406187862635421";"suburban";NA;NA;NA;NA
"276";"sao_paulo";"3";"39,9000000000000";"0,371027306249903";"suburban";NA;NA;NA;NA
"277";"sao_paulo";"13";"24,3271536669231";"0,468997169036957";"suburban";NA;NA;NA;NA
"278";"sao_paulo";"4";"30,5807767000000";"0,268432326603246";"suburban";NA;NA;NA;NA
"279";"sao_paulo";"0";"0,0000000000000";"0,097254675260688";"suburban";NA;NA;NA;NA
"280";"sao_paulo";"0";"0,0000000000000";"0,000000000000000";"suburban";NA;NA;NA;NA
"281";"sao_paulo";"0";"0,0000000000000";"0,029997271777624";"suburban";NA;NA;NA;NA
"282";"sao_paulo";"0";"0,0000000000000";"0,024022101821812";"suburban";NA;NA;NA;NA
"283";"sao_paulo";"0";"0,0000000000000";"0,107962164079389";"suburban";NA;NA;NA;NA
"284";"sao_paulo";"7";"50,0770105257143";"0,411610324713958";"suburban";NA;NA;NA;NA
"285";"sao_paulo";"5";"65,5931092446000";"0,427907054968133";"suburban";NA;NA;NA;NA
"286";"sao_paulo";"6";"28,4914004666667";"0,822436831582945";"suburban";NA;NA;NA;NA
"287";"sao_paulo";"5";"32,3698482920000";"0,646298235912388";"suburban";NA;NA;NA;NA
"288";"sao_paulo";"0";"0,0000000000000";"0,243467023263454";"suburban";NA;NA;NA;NA
"289";"sao_paulo";"0";"0,0000000000000";"0,152381398458296";"suburban";NA;NA;NA;NA
"290";"sao_paulo";"5";"24,1870894900000";"0,268078199151338";"suburban";NA;NA;NA;NA
"291";"sao_paulo";"6";"40,6916695350000";"0,193500095866650";"suburban";NA;NA;NA;NA
"292";"sao_paulo";"0";"0,0000000000000";"0,128317661977165";"suburban";NA;NA;NA;NA
"293";"sao_paulo";"0";"0,0000000000000";"0,002573337100052";"suburban";NA;NA;NA;NA
"294";"sao_paulo";"0";"0,0000000000000";"0,004527876437665";"suburban";NA;NA;NA;NA
"295";"sao_paulo";"0";"0,0000000000000";"0,026999535161920";"suburban";NA;NA;NA;NA
"296";"sao_paulo";"0";"0,0000000000000";"0,019847335915645";"suburban";NA;NA;NA;NA
"297";"sao_paulo";"0";"0,0000000000000";"0,094975836921238";"suburban";NA;NA;NA;NA
"298";"sao_paulo";"8";"36,5345331787500";"0,488682634724021";"suburban";NA;NA;NA;NA
"299";"sao_paulo";"13";"44,6111909123077";"0,466826380959968";"suburban";NA;NA;NA;NA
"300";"sao_paulo";"3";"32,7630252100000";"0,513730568555551";"suburban";NA;NA;NA;NA
"301";"sao_paulo";"9";"30,2382326255556";"0,636737816280210";"suburban";NA;NA;NA;NA
"302";"sao_paulo";"0";"0,0000000000000";"0,450797604174707";"suburban";NA;NA;NA;NA
"303";"sao_paulo";"0";"0,0000000000000";"0,192966389571309";"suburban";NA;NA;NA;NA
"304";"sao_paulo";"0";"0,0000000000000";"0,277907557347114";"suburban";NA;NA;NA;NA
"305";"sao_paulo";"0";"0,0000000000000";"0,153359674027635";"suburban";NA;NA;NA;NA
"306";"sao_paulo";"0";"0,0000000000000";"0,088269095547535";"suburban";NA;NA;NA;NA
"307";"sao_paulo";"0";"0,0000000000000";"0,031735169911383";"suburban";NA;NA;NA;NA
"308";"sao_paulo";"0";"0,0000000000000";"0,000000000000000";"suburban";NA;NA;NA;NA
"309";"sao_paulo";"0";"0,0000000000000";"0,090843022165111";"suburban";NA;NA;NA;NA
"310";"sao_paulo";"0";"0,0000000000000";"0,141591903222188";"suburban";NA;NA;NA;NA
"311";"sao_paulo";"0";"0,0000000000000";"0,156938919453175";"suburban";NA;NA;NA;NA
"312";"sao_paulo";"4";"36,3701948050000";"0,199053088816444";"suburban";NA;NA;NA;NA
"313";"sao_paulo";"0";"0,0000000000000";"0,365328460697792";"suburban";NA;NA;NA;NA
"314";"sao_paulo";"2";"22,2627945200000";"0,447921540625188";"suburban";NA;NA;NA;NA
"315";"sao_paulo";"0";"0,0000000000000";"0,484258315686977";"suburban";NA;NA;NA;NA
"316";"sao_paulo";"0";"0,0000000000000";"0,149071207834671";"suburban";NA;NA;NA;NA
"317";"sao_paulo";"0";"0,0000000000000";"0,184557793438256";"suburban";NA;NA;NA;NA
"318";"sao_paulo";"0";"0,0000000000000";"0,175288075038473";"suburban";NA;NA;NA;NA
"319";"sao_paulo";"0";"0,0000000000000";"0,108592781473730";"suburban";NA;NA;NA;NA
"320";"sao_paulo";"0";"0,0000000000000";"0,113178752460845";"suburban";NA;NA;NA;NA
"321";"sao_paulo";"0";"0,0000000000000";"0,000000000000000";"suburban";NA;NA;NA;NA
"322";"sao_paulo";"0";"0,0000000000000";"0,053052789394643";"suburban";NA;NA;NA;NA
"323";"sao_paulo";"1";"27,3600000000000";"0,240588889469217";"suburban";NA;NA;NA;NA
"324";"sao_paulo";"1";"45,6000000000000";"0,203718109709693";"suburban";NA;NA;NA;NA
"325";"sao_paulo";"0";"0,0000000000000";"0,138721913333424";"suburban";NA;NA;NA;NA
"326";"sao_paulo";"1";"26,3076923100000";"0,167106687571766";"suburban";NA;NA;NA;NA
"327";"sao_paulo";"0";"0,0000000000000";"0,190652746098054";"suburban";NA;NA;NA;NA
"328";"sao_paulo";"2";"29,0700000000000";"0,234665271466091";"suburban";NA;NA;NA;NA
"329";"sao_paulo";"6";"28,2168181816667";"0,449762644309810";"suburban";NA;NA;NA;NA
"330";"sao_paulo";"0";"0,0000000000000";"0,186020643993059";"suburban";NA;NA;NA;NA
"331";"sao_paulo";"0";"0,0000000000000";"0,136294282940506";"suburban";NA;NA;NA;NA
"332";"sao_paulo";"0";"0,0000000000000";"0,093673800570418";"suburban";NA;NA;NA;NA
"333";"sao_paulo";"0";"0,0000000000000";"0,073433092764489";"suburban";NA;NA;NA;NA
"334";"sao_paulo";"0";"0,0000000000000";"0,051310737863287";"suburban";NA;NA;NA;NA
"335";"sao_paulo";"0";"0,0000000000000";"0,090851600729057";"suburban";NA;NA;NA;NA
"336";"sao_paulo";"2";"18,5163636350000";"0,188162244751486";"suburban";NA;NA;NA;NA
"337";"sao_paulo";"0";"0,0000000000000";"0,156564058506220";"suburban";NA;NA;NA;NA
"338";"sao_paulo";"0";"0,0000000000000";"0,140377235430289";"suburban";NA;NA;NA;NA
"339";"sao_paulo";"0";"0,0000000000000";"0,056537594484475";"suburban";NA;NA;NA;NA
"340";"sao_paulo";"6";"47,1352996500000";"0,383403974862997";"suburban";NA;NA;NA;NA
"341";"sao_paulo";"8";"27,3462892812500";"0,722359183514565";"suburban";NA;NA;NA;NA
"342";"sao_paulo";"0";"0,0000000000000";"0,156684018083594";"suburban";NA;NA;NA;NA
"343";"sao_paulo";"0";"0,0000000000000";"0,103498575861257";"suburban";NA;NA;NA;NA
"344";"sao_paulo";"0";"0,0000000000000";"0,155611040038765";"suburban";NA;NA;NA;NA
"345";"sao_paulo";"0";"0,0000000000000";"0,057592010469928";"suburban";NA;NA;NA;NA
"346";"sao_paulo";"0";"0,0000000000000";"0,000000000000000";"suburban";NA;NA;NA;NA
"347";"sao_paulo";"0";"0,0000000000000";"0,049292802576399";"suburban";NA;NA;NA;NA
"348";"sao_paulo";"0";"0,0000000000000";"0,096096927834042";"suburban";NA;NA;NA;NA
"349";"sao_paulo";"4";"23,4035858597500";"0,192812600573673";"suburban";NA;NA;NA;NA
"350";"sao_paulo";"0";"0,0000000000000";"0,148153917528060";"suburban";NA;NA;NA;NA
"351";"sao_paulo";"0";"0,0000000000000";"0,071368502232699";"suburban";NA;NA;NA;NA
"352";"sao_paulo";"1";"39,0857142900000";"0,174363249881271";"suburban";NA;NA;NA;NA
"353";"sao_paulo";"2";"40,3885714300000";"0,463961050080331";"suburban";NA;NA;NA;NA
"354";"sao_paulo";"0";"0,0000000000000";"0,159797518305681";"suburban";NA;NA;NA;NA
"355";"sao_paulo";"0";"0,0000000000000";"0,138697015831515";"suburban";NA;NA;NA;NA
"356";"sao_paulo";"0";"0,0000000000000";"0,120861206687225";"suburban";NA;NA;NA;NA
"357";"sao_paulo";"0";"0,0000000000000";"0,073534099792260";"suburban";NA;NA;NA;NA
"358";"sao_paulo";"0";"0,0000000000000";"0,017942188783628";"suburban";NA;NA;NA;NA
"359";"sao_paulo";"0";"0,0000000000000";"0,022808134559158";"suburban";NA;NA;NA;NA
"360";"sao_paulo";"1";"18,8347826100000";"0,173956828568995";"suburban";NA;NA;NA;NA
"361";"sao_paulo";"2";"41,0227272700000";"0,196211439780457";"suburban";NA;NA;NA;NA
"362";"sao_paulo";"0";"0,0000000000000";"0,087224579280285";"suburban";NA;NA;NA;NA
"363";"sao_paulo";"0";"0,0000000000000";"0,092619813707108";"suburban";NA;NA;NA;NA
"364";"sao_paulo";"0";"0,0000000000000";"0,162674795210595";"suburban";NA;NA;NA;NA
"365";"sao_paulo";"0";"0,0000000000000";"0,101685985933176";"suburban";NA;NA;NA;NA
"366";"sao_paulo";"0";"0,0000000000000";"0,114096810015356";"suburban";NA;NA;NA;NA
"367";"sao_paulo";"0";"0,0000000000000";"0,165255061842105";"suburban";NA;NA;NA;NA
"368";"sao_paulo";"0";"0,0000000000000";"0,106288897832069";"suburban";NA;NA;NA;NA
"369";"sao_paulo";"0";"0,0000000000000";"0,000000000000000";"suburban";NA;NA;NA;NA
"370";"sao_paulo";"0";"0,0000000000000";"0,084363241937776";"suburban";NA;NA;NA;NA
"371";"sao_paulo";"0";"0,0000000000000";"0,123896001432682";"suburban";NA;NA;NA;NA
"372";"sao_paulo";"0";"0,0000000000000";"0,116418594974867";"suburban";NA;NA;NA;NA
"373";"sao_paulo";"0";"0,0000000000000";"0,113981020978809";"suburban";NA;NA;NA;NA
"374";"sao_paulo";"0";"0,0000000000000";"0,091787456461899";"suburban";NA;NA;NA;NA
"375";"sao_paulo";"0";"0,0000000000000";"0,148904955530304";"suburban";NA;NA;NA;NA
"376";"sao_paulo";"0";"0,0000000000000";"0,092678486749327";"suburban";NA;NA;NA;NA
"377";"sao_paulo";"0";"0,0000000000000";"0,096890131970808";"suburban";NA;NA;NA;NA
"378";"sao_paulo";"0";"0,0000000000000";"0,042941721029079";"suburban";NA;NA;NA;NA
"379";"sao_paulo";"0";"0,0000000000000";"0,000000000000000";"suburban";NA;NA;NA;NA
"380";"sao_paulo";"0";"0,0000000000000";"0,015893373359999";"suburban";NA;NA;NA;NA
"381";"sao_paulo";"0";"0,0000000000000";"0,240508500100672";"suburban";NA;NA;NA;NA
"382";"sao_paulo";"0";"0,0000000000000";"0,072881747124436";"suburban";NA;NA;NA;NA
"383";"sao_paulo";"0";"0,0000000000000";"0,048770979001381";"suburban";NA;NA;NA;NA
"384";"sao_paulo";"0";"0,0000000000000";"0,181196165276797";"suburban";NA;NA;NA;NA
"385";"sao_paulo";"0";"0,0000000000000";"0,241278500199911";"suburban";NA;NA;NA;NA
"386";"sao_paulo";"0";"0,0000000000000";"0,095292854712820";"suburban";NA;NA;NA;NA
"387";"sao_paulo";"0";"0,0000000000000";"0,022809409216931";"suburban";NA;NA;NA;NA
"388";"sao_paulo";"0";"0,0000000000000";"0,020567369064459";"suburban";NA;NA;NA;NA
"389";"sao_paulo";"0";"0,0000000000000";"0,011867334775891";"suburban";NA;NA;NA;NA
"390";"sao_paulo";"0";"0,0000000000000";"0,131235402639172";"suburban";NA;NA;NA;NA
"391";"sao_paulo";"0";"0,0000000000000";"0,107671024245582";"suburban";NA;NA;NA;NA
"392";"sao_paulo";"0";"0,0000000000000";"0,135670434867098";"suburban";NA;NA;NA;NA
"393";"sao_paulo";"0";"0,0000000000000";"0,099573019334658";"suburban";NA;NA;NA;NA
"394";"sao_paulo";"0";"0,0000000000000";"0,155887672818612";"suburban";NA;NA;NA;NA
"395";"sao_paulo";"0";"0,0000000000000";"0,040651113760663";"suburban";NA;NA;NA;NA
"396";"sao_paulo";"0";"0,0000000000000";"0,000000000000000";"suburban";NA;NA;NA;NA
"397";"sao_paulo";"0";"0,0000000000000";"0,014390205237504";"suburban";NA;NA;NA;NA
"398";"sao_paulo";"0";"0,0000000000000";"0,053453162309890";"suburban";NA;NA;NA;NA
"399";"sao_paulo";"0";"0,0000000000000";"0,117830750091916";"suburban";NA;NA;NA;NA
"400";"sao_paulo";"0";"0,0000000000000";"0,092455899380654";"suburban";NA;NA;NA;NA
"401";"sao_paulo";"0";"0,0000000000000";"0,114277019647207";"suburban";NA;NA;NA;NA
"402";"sao_paulo";"0";"0,0000000000000";"0,000000000000000";"suburban";NA;NA;NA;NA
"403";"sao_paulo";"0";"0,0000000000000";"0,039131809350267";"suburban";NA;NA;NA;NA
"404";"sao_paulo";"0";"0,0000000000000";"0,099074220574982";"suburban";NA;NA;NA;NA
"405";"sao_paulo";"0";"0,0000000000000";"0,107032845954308";"suburban";NA;NA;NA;NA
"406";"sao_paulo";"0";"0,0000000000000";"0,109828725616476";"suburban";NA;NA;NA;NA
"407";"sao_paulo";"0";"0,0000000000000";"0,023435491158746";"suburban";NA;NA;NA;NA
"408";"sao_paulo";"0";"0,0000000000000";"0,010653405500286";"suburban";NA;NA;NA;NA
"409";"sao_paulo";"0";"0,0000000000000";"0,098533295330039";"suburban";NA;NA;NA;NA
"410";"sao_paulo";"0";"0,0000000000000";"0,205427536715631";"suburban";NA;NA;NA;NA
"411";"sao_paulo";"0";"0,0000000000000";"0,087188483617412";"suburban";NA;NA;NA;NA
"412";"sao_paulo";"0";"0,0000000000000";"0,033896637370905";"suburban";NA;NA;NA;NA
"413";"sao_paulo";"0";"0,0000000000000";"0,016648792911153";"suburban";NA;NA;NA;NA
"414";"sao_paulo";"0";"0,0000000000000";"0,168194760361718";"suburban";NA;NA;NA;NA
"415";"sao_paulo";"0";"0,0000000000000";"0,154802154598794";"suburban";NA;NA;NA;NA
"416";"sao_paulo";"0";"0,0000000000000";"0,028446013233401";"suburban";NA;NA;NA;NA
"417";"sao_paulo";"0";"0,0000000000000";"0,000000000000000";"suburban";NA;NA;NA;NA
"418";"sao_paulo";"0";"0,0000000000000";"0,091335959658073";"suburban";NA;NA;NA;NA
"419";"sao_paulo";"0";"0,0000000000000";"0,112495034092746";"suburban";NA;NA;NA;NA
"420";"sao_paulo";"0";"0,0000000000000";"0,099336560033315";"suburban";NA;NA;NA;NA
"421";"sao_paulo";"0";"0,0000000000000";"0,004252784868869";"suburban";NA;NA;NA;NA
"422";"sao_paulo";"0";"0,0000000000000";"0,000000000000000";"suburban";NA;NA;NA;NA
"423";"sao_paulo";"0";"0,0000000000000";"0,056119164803864";"suburban";NA;NA;NA;NA
"424";"sao_paulo";"0";"0,0000000000000";"0,086623184429961";"suburban";NA;NA;NA;NA
"425";"sao_paulo";"0";"0,0000000000000";"0,041775411786341";"suburban";NA;NA;NA;NA
"426";"sao_paulo";"0";"0,0000000000000";"0,000000000000000";"suburban";NA;NA;NA;NA
"427";"sao_paulo";"0";"0,0000000000000";"0,041775411786341";"suburban";NA;NA;NA;NA
"428";"sao_paulo";"0";"0,0000000000000";"0,043444854195096";"suburban";NA;NA;NA;NA
